"","PC1","PC2","PC3","PC4","PC5","PC6","PC7","PC8","PC9","PC10","PC11","PC12","PC13","PC14","PC15","PC16","PC17","PC18","phenoid"
"cell23371",3.77885576416421,-5.11458238382384,-1.57904271337863,0.00294941720416335,-0.283332898941396,0.989869894427718,-1.35578265988592,1.21455676416165,-0.300903544133599,1.43719708861265,-0.309209558402115,0.064433172826997,-0.469157429035883,1.34273696595364,-0.678709128300996,3.57703847498862,-0.0829601994192395,1.85482912041945,"CD4+/CD25_T_Reg"
"cell15833",3.83582989411949,-6.73727619210504,-2.7104619031643,3.84767375445379,1.36472797309061,1.51944620751914,2.03692891099118,3.32695460023588,0.879526588685832,1.6602024748997,-0.382780306214838,1.53471795900428,6.46197946219809,3.1916158844036,2.41202607370314,1.47262666210856,2.6293483704439,-2.67166264347442,"CD4+/CD25_T_Reg"
"cell53812",5.69318484883704,-4.0798778296845,-2.42740666286823,6.94131628013104,9.18289930006727,5.49473946092369,2.10669697517449,3.13245830092087,2.42324596846402,-3.17374816451557,-1.90454136775757,2.64985330257465,2.51409696193704,0.538817292555946,-0.343113808567364,-1.69454148106828,6.15274241473411,4.49567532302917,"CD4+/CD25_T_Reg"
"cell21618",4.76219943321061,-4.57984820447917,-3.69515272269777,4.10300662089746,5.11807484699732,1.60355660101679,0.921564401854917,0.133262256685712,0.907141924616485,0.663195902576771,-0.132728440849455,-4.31186285395023,5.62590093315383,2.38617183244978,3.13605502900038,0.296530891816605,8.88534038824304,-1.36695406094718,"CD4+/CD25_T_Reg"
"cell36713",5.76748293941676,-3.85129860595342,-4.98122047966245,4.57547818774757,4.20155212004494,0.00270397908395719,1.48222568299223,0.479511113056959,1.85146720795795,-2.60262885839202,0.335161154127373,-2.81339772522675,5.01707045551048,6.24104287792176,1.44994820261367,-0.612467263711103,-1.80278972720497,6.36771169048965,"CD4+/CD25_T_Reg"
"cell10381",5.41094455299662,-5.1897404635971,-1.88687164166254,2.57349176268123,-1.68319543035117,4.74584510246721,-1.13692827764536,2.27778347245486,1.47696258614801,-1.44169740324438,-1.89319648514754,-1.13752670088175,-2.91044376562313,3.6909666223405,-3.06089356100635,5.77916750626337,9.56457686874553,-1.57916069278616,"CD4+/CD25_T_Reg"
"cell56942",4.30301257575991,-5.82635439867812,-2.66881877436249,1.45552659626904,0.00702401193222997,1.72787667134129,1.73629218992187,0.243965449773746,-0.567438331650947,0.875095231721525,1.01380329751725,0.695275714170447,0.274814645492297,2.14816994287612,-0.835697974667388,-1.49682423729742,3.80792695322387,0.19160130441291,"CD4+/CD25_T_Reg"
"cell6063",6.64918897385786,-1.14817496241643,0.454876276111242,5.60327492632753,9.00657554466241,7.98074217841662,1.59709705964188,-0.138674527579114,-1.0004088534365,-0.126196476570048,-4.83754945845867,-1.03206372829136,-3.76253334335253,7.60441782774202,-0.891896713586891,2.56085039167045,0.379367789546228,-4.5005788775469,"CD4+/CD25_T_Reg"
"cell28757",5.30813266159146,-4.75781153939743,-1.99948501127109,2.27734266242388,1.4241879994395,3.43683511336137,-1.41835390000415,1.52894304168527,0.540360295336566,-1.66588823988589,1.47816825509107,-1.25578173952277,3.06405521032822,5.16134771923993,-2.64794151174316,0.924504204333825,4.34216064009613,5.68074881622542,"CD4+/CD25_T_Reg"
"cell13591",5.31765838864291,-6.58831622184342,-2.53313433531371,0.103415675304731,-0.901005726498902,2.50647030397767,0.136622713956664,4.70396918684693,2.21722039590431,-2.90423965701772,-0.0411522974076424,0.189869798940173,-2.39424306683289,1.61378003133711,0.808122923457483,1.55098111205785,1.30532922668054,3.11398812275194,"CD4+/CD25_T_Reg"
"cell31202",4.85713356007669,-6.30315028144358,-1.66963458194582,-0.295491797490726,1.27867645887975,2.84523256678763,2.90785456139655,-0.37328175708395,1.66832847726714,-0.690469090388764,-1.42566305339911,3.09831029222469,-2.67081324645441,1.44067132976494,2.64725129359081,-2.48618552090155,2.81995273321344,-3.31821746082685,"CD4+/CD25_T_Reg"
"cell48369",3.34425672154607,-8.98570807656406,-2.77133213042111,-1.23731673614605,-2.98990858020239,0.635940194031548,-0.745167497327106,1.82420936166119,0.607005932041272,0.954651941825814,-1.67201627640575,1.7386253549145,-0.854766958534557,0.0983561310386262,1.6857302286705,-0.311957739689565,1.34275101574513,-1.81329494862532,"CD4+/CD25_T_Reg"
"cell7491",6.67979214677449,-4.52393756560521,-3.85922007658575,1.44807240246731,4.88810148802857,4.38839601095982,2.23517351257003,1.68226718332585,0.427987379610307,-1.82983085563133,3.20527232548018,-1.44680410498178,0.257539105026602,7.65555313176124,-1.24027404498985,-0.99770159982257,1.77192651836259,-1.47897321140964,"CD4+/CD25_T_Reg"
"cell43432",8.74321802809921,6.21603100978077,-9.40009556850298,18.9957663817565,28.0438051556315,-2.13266342165483,3.98689763568499,5.13882089152734,-9.60684782329534,-5.00462102399383,-8.27772368549658,0.449237201649262,21.6622089436668,27.2904828089444,-11.839820367486,-34.6437014595563,71.7696859902119,0.347509304034535,"CD4+/CD25_T_Reg"
"cell39015",5.75030028608195,-5.65176272717692,-2.05344908630521,2.89254742454971,0.157756065493617,2.92917312082305,0.287792176890776,4.15112519337819,-1.63490133940926,-0.554518711107363,-0.533156784239624,1.74292985502758,-5.54994947473871,2.89652064629023,1.46750962687612,7.18608243628894,2.26613528125694,-1.83584062518719,"CD4+/CD25_T_Reg"
"cell21483",9.08389706550821,7.78658444406346,1.44222741616792,21.4201374777814,40.3383645879033,13.3003615670324,23.0066674900415,-19.3533684465042,-1.2749940920604,8.27183529595901,-31.9433182185927,-0.710964069786836,11.8404852648956,-67.7971913259481,-22.2608303862854,42.4171878343128,8.29964153995194,-22.1747151791189,"CD4+/CD45RA+/CD25-_Naive_T"
"cell14405",5.40735858458933,-1.83995208886916,-1.31477336888117,6.81898671312902,8.15796598324633,2.16377707845257,1.88492827805931,3.04701252946574,1.1366455861859,1.50307585881594,-0.776720506190401,-0.226034217701719,0.829097733628211,3.15710502122128,0.401149597864835,-6.25794905681508,-1.81366287643962,-0.941101209929903,"CD4+/CD45RA+/CD25-_Naive_T"
"cell47301",4.55756997497344,-3.59504484594732,-1.9338898839746,1.59188164112623,2.44778926274004,3.0533474760302,2.61263220416043,3.03551376766656,-0.426219729584495,-0.19207184413973,-2.61282150637294,0.445039824549401,0.236354859086692,0.4633468282858,-0.789002470095476,1.66105671793439,-0.407700925753019,0.285134573600638,"CD4+/CD45RA+/CD25-_Naive_T"
"cell19648",2.75729790135523,-3.55681048999294,-0.555091884508565,2.27539267258198,0.282296411246536,3.18469079319025,2.93202436469509,1.01848907507971,-0.780262022186879,2.65686214697271,2.26562107025069,-0.0700845866752009,3.70844727286138,-0.0160372267491435,-0.97306957308521,4.14606688888588,-4.32231047757864,-2.60625554680639,"CD4+/CD45RA+/CD25-_Naive_T"
"cell33952",4.80988695284636,-5.45541816664264,-1.34528423864691,1.57224007282862,2.52660101865142,0.00328143386219616,2.360494684028,3.23336509975366,0.550026547756803,-4.08847849645076,1.49474339747175,-2.02081337931901,-2.69405139956907,0.790953872820745,2.76441410280607,-3.07662931214349,-3.22073065608122,-7.84176552717534,"CD4+/CD45RA+/CD25-_Naive_T"
"cell9979",7.07959131648083,-1.68810902506279,-4.99081091167487,5.83093770450545,7.40362963304174,5.63204501320324,3.09339997064778,4.65001082914259,-1.3082600031464,3.49101085154901,3.3259135089184,4.48174719416274,2.93855595900606,5.59931263808532,-2.90578951801177,-10.1066420383569,-6.71048209827547,2.80440504778901,"CD4+/CD45RA+/CD25-_Naive_T"
"cell51387",5.58764581770484,-1.86272649107286,-2.60586183847865,2.60328433078565,2.40110653854146,2.19740637077605,0.123240309022739,-0.614468348923833,-1.28650225507714,0.259790134476264,2.34911092399003,0.32980313987457,1.46422181997739,-0.787551991117753,-0.0939846552762019,-4.37287791697214,1.81257702389965,1.11149670103384,"CD4+/CD45RA+/CD25-_Naive_T"
"cell5581",5.39438551754747,-1.54688397801702,-2.08958950576874,3.13530577513459,6.2295786823613,7.34506995778806,4.14215867796235,-0.245327028941257,-0.863545636517519,1.49285042398155,3.34112197585952,-2.1378370005107,-2.63095477963055,-1.83985374642694,-0.732213581621696,-3.02878139036986,0.294044548057765,1.84746787301456,"CD4+/CD45RA+/CD25-_Naive_T"
"cell25646",2.15049831273633,-6.72855557025894,-1.23202212586945,-0.514872505334128,-2.58871071357397,0.275787224612561,0.482445125044901,0.592569139789849,-0.997110976965052,0.0942981205500414,-0.481662518219742,1.7550016996234,3.26596878100672,-1.67143587039868,-0.371499739860227,-1.13758635377113,-2.32386151588646,-2.82624249776024,"CD4+/CD45RA+/CD25-_Naive_T"
"cell12636",4.34228525089846,-2.56013206775683,-0.412093668946477,1.9411891382774,3.9490038753517,2.25095352679897,1.92939189071545,2.42647695058434,0.773714673833545,-4.59633619019827,3.91586306164154,-2.57510356223409,-0.180426476172407,-0.147104708858377,-1.97223728441161,-0.194800196460766,-2.50063417716323,1.34306721022009,"CD4+/CD45RA+/CD25-_Naive_T"
"cell28240",6.82851440950878,-3.70360804989361,-3.0761395215386,2.02654537549726,4.20084329397686,2.45583188345963,0.443964883833845,3.78965634957677,-2.35566512555537,0.619074598485491,1.77663236078667,1.91479856811165,2.05325668090006,3.79703887884713,-1.85019873290051,-3.45318372062034,3.19672013707006,-0.338429984057947,"CD4+/CD45RA+/CD25-_Naive_T"
"cell42485",0.335014393082286,-11.1859090556082,-1.08126281154638,-4.57865314343573,-6.2645875242918,-0.588765658582629,-0.827419183661592,1.45849080129596,0.60761605804714,-0.986987111552804,-0.0383158731357335,0.377467676483994,-1.14711123521971,-0.183629224441234,0.916447882776019,0.0374217000297959,0.385388706216487,-2.96693557418928,"CD4+/CD45RA+/CD25-_Naive_T"
"cell6844",8.99391707764351,3.62851311186259,-4.16775652545558,13.2869837594304,12.0594629480091,11.2692596656305,4.77173807012875,-1.38021615821729,1.02824382518078,-1.52375122753232,-4.05099866267353,1.02263228773043,13.7230942944261,2.12401032845649,1.8192018849414,-0.586005852979077,-2.51099129456543,2.34262751966973,"CD4+/CD45RA+/CD25-_Naive_T"
"cell39322",4.73247110673058,-5.61660314097504,-2.23192606321133,1.42575865686348,1.2878721532094,0.533135377029524,4.69132868356334,0.0436929573386486,1.48897371755955,0.304919039200443,0.799987099253513,-2.32269104508242,0.449515440632882,-0.123608513106994,-0.294885142421681,-6.09594360091191,-0.0973196050789827,0.560022319810323,"CD4+/CD45RA+/CD25-_Naive_T"
"cell35532",4.84977896741946,-4.96931047035726,-2.8910092166912,0.845158407540864,0.227517908339652,1.27626154863083,2.7832132025811,4.44799135263722,-1.68732481038882,-0.197739038717377,1.77522129262078,-0.520077455904435,-4.33204873971706,-1.85821705624694,0.652083450115078,1.67067447094794,2.56708183055408,-6.67721135943347,"CD4+/CD45RA+/CD25-_Naive_T"
"cell12005",2.51205336136979,-3.72289960230824,-0.0371057773829395,-0.681763344283924,-0.810194491684277,2.91671914036617,-0.932071107720644,0.140617158156464,-2.62109840225997,-4.14049381457339,3.10168449791053,4.26338336517729,1.45120367305692,-4.7097279476603,-6.34207087704002,-14.2738988582835,-9.03843658455778,4.66155649038285,"CD4+/CD45RO+_Memory"
"cell55673",3.27144878264281,0.117014390081843,-0.46500216085334,3.57314506730578,3.32389927398552,-5.87536740131075,3.81325834228771,-4.87641982512999,-5.87863065511095,-0.832375394054188,6.91634905583767,4.52215991329941,6.21589203983847,-9.8456721578363,-11.0965670792053,-15.7973738312122,-7.15062979585895,3.20702175864758,"CD4+/CD45RO+_Memory"
"cell25429",2.39732769015044,-2.75395743549005,-0.320094981586908,-0.470574490661385,0.389264342838374,2.17346300857283,-0.196186096796602,-0.681497718051891,0.841269356168243,1.63485040892323,1.4769168559947,1.27828228428587,5.36862653532162,-7.88083930357116,-1.33663117983505,-4.11044444202436,-7.10362455792802,0.877625559841422,"CD4+/CD45RO+_Memory"
"cell58551",3.47342097102,1.27892434291095,0.648876934056063,1.48424464397357,1.90583070071793,1.22399228162461,0.870868875044989,-3.3302507763534,-3.98121503913028,1.77586839729424,4.46684574040255,4.05261895933631,4.77137768185721,-11.3068813489372,2.75137635382546,-8.61829957341124,-22.1292117328624,7.45012509487617,"CD4+/CD45RO+_Memory"
"cell17767",1.83437498396525,-2.51029570512497,-0.215892028275679,-0.188711613890079,-3.74057292633771,1.9868209703057,-1.96140701106661,-0.0873546309216197,-1.89644558558325,-0.951206974277297,3.49533936028757,4.12285297505817,0.536083553477856,0.815828879294594,-1.12311675117224,-6.34940555685137,-8.52439534840587,-3.98909453204827,"CD4+/CD45RO+_Memory"
"cell53359",1.20078273295331,0.609661314526733,-0.122932044365288,1.15383308459283,-2.66685966996239,1.63845362488915,3.27888721107672,-4.0706416961187,-0.814909705090963,-1.45500104019134,0.173988916788735,6.45458543211877,0.0580511246493009,-15.2388229916691,-6.73973409747574,-29.3510685939529,-21.8696174256688,12.3837544710149,"CD4+/CD45RO+_Memory"
"cell27434",1.68176953919007,-4.33236141027257,-1.32364365510519,-1.72301354350158,-4.40252183373244,0.831044437566176,1.74385796121566,3.00644717767986,0.133800827615271,-0.507335557019345,0.521377409781563,1.64350599399291,2.57601533775553,-4.63400402920824,-1.12047441231954,-6.78848283052173,-0.670943293654287,-2.34311728976977,"CD4+/CD45RO+_Memory"
"cell3365",2.83521676490213,-0.855078706776206,0.00515568843762655,-1.13303174882942,-0.948744873956644,1.70428482705327,1.50175194911466,1.50475225541789,-1.76899421656376,-0.0511583699993942,5.30596893974106,4.01833621252763,0.627545532888168,-9.11171389936371,-6.4313401395579,-10.8528761571085,-10.1159780759032,4.42225037395552,"CD4+/CD45RO+_Memory"
"cell46968",2.74718295736318,-2.88845587776799,-0.497217281902288,0.437297637300822,-1.63887947064998,0.753573618723912,3.34421163227158,2.90854651461097,-0.710282359109055,2.44436728700661,1.51182080365141,1.89636511516984,1.59680009976474,-9.2719225629084,0.834227985839185,-9.02898234454624,-10.7803886607059,0.210891873881671,"CD4+/CD45RO+_Memory"
"cell61710",2.28332922847201,-3.07029041363092,-0.132493501527138,-1.43440470335885,1.62619285477152,3.26516310049338,-0.0644938783248481,-2.0804570774163,1.8847027348026,2.09833588750573,3.09317085333317,6.62435189655906,2.90911474864338,-9.02692963577186,-0.213250934368501,-8.97681910606393,-7.17422964182713,2.70430215018294,"CD4+/CD45RO+_Memory"
"cell39161",-3.48890858049403,-6.8730323864958,-0.287685591929447,-3.94244087621503,-5.88706850285933,-0.435475920905981,-1.37667631608452,-0.256329935506914,-0.0498235961759562,-0.0435479578637494,0.428299995741244,-0.379570058415916,-0.113066170217365,-3.13294374843134,-2.04496629144911,-3.15386524622013,-1.37704370835534,-2.53410412460422,"CD4+/CD45RO+_Memory"
"cell47118",2.40259860760805,-3.84425729256771,-0.600785588798528,0.133142250194671,-2.76901157350256,-0.838798502606516,-1.27024240300839,1.19842864480685,-1.16388350342028,-0.817047682893641,1.78000427657447,3.24129694069301,3.1376894675359,-2.46054104265836,-2.11394846094121,-7.45761677454428,-4.48501145150301,4.82832487176159,"CD4+/CD45RO+_Memory"
"cell7106",-0.247561935353478,-6.7644629874836,-0.665985289135748,-0.417638588740553,-2.82264069822709,-0.15548851026814,-0.338092601775978,-3.79785671146477,-1.01975472792442,0.134893838170484,3.39808573610821,1.70643069126814,-1.6380928248476,-0.908397869879277,0.240833019082717,-6.512729571525,-2.87898222474399,-1.39684860862676,"CD4+/CD45RO+_Memory"
"cell15236",4.18093560185254,-4.00263427547173,1.03632681495292,0.317588694315284,-2.60657325883912,-0.247284283321052,2.86581912772739,2.98160743964443,-0.752965352173529,-4.9085384651489,6.6500636680707,3.74566331544178,4.99950677936494,-8.35936026227546,-2.56374871753044,-11.1080198460417,-6.98339297859744,2.30869453255593,"CD4+/CD45RO+_Memory"
"cell4216",4.52132494516726,-1.3268990634749,-1.35629576595726,5.9479602559726,0.627326266825137,0.374228029059218,3.57003207458064,-1.56240192693432,-3.15377969387255,1.43634695923189,-1.97819766924517,4.17940118292269,7.51622514976301,-2.41206611909875,-9.09153074816966,-9.69278934306305,-15.54504729501,-1.39632144491225,"CD4+/CD45RO+_Memory"
"cell5972",3.20099254028368,-6.37958864528258,-0.960829525486887,-1.35924218329913,-1.70754995562545,1.83047129089217,-1.04986465098754,-0.588230476193707,-1.76065106747013,2.60972859650828,0.130209670681793,1.70395598250506,1.5400482821434,-3.14329378148126,-1.62252927805402,-4.87308601349451,-2.8293255772859,-0.716164256124672,"CD4+_T_Helper2"
"cell48540",3.14298970953969,-5.61402238869416,-1.30733324085452,-2.31183645504816,-2.85478945533628,-0.106576645141031,-0.391929087939053,0.13338636852003,0.0734923443417538,-2.51281312558415,4.2503140066118,2.86721759196207,2.06061548534839,-3.79935245038561,-0.294414310156695,-3.58776536483335,-2.70857744055966,1.98089272675717,"CD4+_T_Helper2"
"cell28927",-2.90125854059421,-9.26312984491427,-1.1780287444769,-4.49753003154055,-8.36427930695438,-0.547752105950849,-0.874320338378149,1.28835373678231,0.207013239546002,0.0225907973397245,1.53638021818338,1.90257525794018,-0.446053526571275,-2.20862117593722,-1.94406903563962,-0.881548747005338,-1.39379988047311,-1.7667105383712,"CD4+_T_Helper2"
"cell62245",3.95604764613947,-4.52594646493412,-0.676283345704787,-1.63723589674179,-0.343325763095362,0.948133310589293,-0.837388270325761,2.22571851659308,-0.966798018524486,-2.74440931658328,1.48221375176884,2.53186556545911,4.23460236801985,-1.39922655382597,0.991042602904346,-3.89393132224637,0.930225672495169,-2.17082838130346,"CD4+_T_Helper2"
"cell58580",1.6187432765958,-3.83028104893646,-0.07930246626186,-1.9437483074292,-4.15289210736741,0.807144434164589,0.460387437219071,0.835477305191498,-0.0869643679052804,-1.95593859128798,2.55534195001219,1.33281313151138,4.31076588048722,-7.91917198366647,-4.58557475558372,-8.43242215773693,-10.7092247961733,8.77703171178806,"CD4+_T_Helper2"
"cell63356",2.00875876803186,-4.50071353531967,0.738651069495526,0.0755377588714449,-0.799862828775123,-1.03448400201891,2.86205206443011,-1.58462952849396,-4.63535820472648,0.105637972813597,-0.788897598091789,2.23951291541925,2.56899194431954,-4.93020832691864,-2.90915954818314,-6.11109206975663,-2.25376396658535,2.96886207001062,"CD4+_T_Helper2"
"cell51291",3.47767166790576,-4.58009706505522,-3.94268976289354,-1.81589025762074,-0.13113006468942,0.12601828127582,0.381582339515311,0.424405779467885,-0.343423035114258,-0.671343166674334,1.87261927746289,-1.7981899514229,-1.35222912996882,-4.02133439164505,-2.96208671366378,-3.19756056172727,-4.74952678605561,2.88914477315761,"CD4+_T_Helper2"
"cell24668",2.33824273408985,-1.43803854313844,-1.22898915556263,2.08196303549596,-0.795553355216104,-2.20108562238835,0.252665610694712,-3.30146267981881,-1.81990568107609,2.04716431712677,-2.203228719339,1.82326564222085,3.05529298843651,-4.34088645591283,-0.935396996955849,-7.45828880415926,-5.78365769640976,4.36528301116612,"CD4+_T_Helper2"
"cell53412",3.19429909212758,-4.71888049607562,2.02911994685608,-2.66648166768271,-1.04337407349991,-0.436534982878215,-0.427927363876716,1.85872041451975,-0.376499321814777,-1.31390816731445,6.33972703809432,5.04616409824029,2.97873327159296,-4.59223898750397,0.355419663505199,0.116115268024351,-3.68615862773662,1.19742909184811,"CD4+_T_Helper2"
"cell7926",2.31519952396365,-4.90099576399897,-0.511015236905047,-1.29489996266079,1.60433775656894,1.70675967177104,0.658722169635441,0.310812613971334,-0.52793466171764,1.43995601460582,3.27501332983062,1.62987071743016,4.33535545978503,-3.43513932185842,3.00488652211389,-5.10977621082136,-4.17619240666211,-1.21412122875335,"CD4+_T_Helper2"
"cell51691",6.29213264978545,-1.07305529319116,-4.60693430695736,2.66239486566982,7.76240037641555,4.62482750893505,0.846964529811498,2.830234478976,-4.57928474006836,-2.81488017842614,-1.54248140186582,-5.70328905612615,3.90650410673211,-0.609184755715242,0.063346303886522,-2.68898004289363,-9.31339235735594,7.55035843918973,"CD4+_T_Helper2"
"cell11088",2.77187700318931,-9.40347479148366,-2.02650714279074,-0.846448914223995,-4.67726805850917,0.602362387197111,0.718958941561441,0.831591577268443,0.194696933150375,0.709160838698688,0.290523396932545,-0.714138004841695,1.17244818977496,1.00778482104983,-0.381546455814284,-0.301720846785992,3.43683495358981,-0.900902234048232,"CD4+_T_Helper2"
"cell59930",3.24780050315064,2.18847250904453,0.436865058146051,2.61601694250616,5.61503567182141,3.66501607186537,2.61765399736159,4.80347402257481,-1.50327697078147,4.11616883303265,3.94738894898167,5.34141306282569,8.62008832845084,-7.19504641085578,-6.66901087578823,-16.9643293736993,-21.6766880657359,15.1274652573578,"CD4+_T_Helper2"
"cell49841",1.88605211289121,-8.78266842794794,-1.48969494265432,-2.50342352509867,-4.20997653879107,0.181705037817579,-1.29397886725323,-0.522073057119663,-1.25755474648569,0.11747279858962,2.26781259721464,0.838930512607688,-0.366095479148665,-0.775534399209076,-0.253002500157906,-0.419880305660474,0.0971741575375462,-2.66794189251693,"CD4+_T_Helper2"
"cell6693",3.67015930373556,-6.78798137335609,-2.24286936683924,0.8123880705613,-1.57155363574446,3.23619795100797,0.972832864054875,0.876084119225771,-0.362770653989669,-0.244423225806839,0.199209157032135,-0.90455362427643,-1.69674216233709,-0.222558050491377,-0.413979358706584,-0.411752188908557,0.477914751519338,0.328882192407188,"CD4+_T_Helper2"
"cell54156",3.00327876295589,-5.74894178846245,-0.179128191886636,-1.46654313872369,-2.04178592156764,1.02623057797411,-1.4661153633314,3.45019413836823,-0.362419648732344,-1.09726588810578,0.116087929043135,1.16926894743783,2.4009704986155,2.42017103082027,-2.35565071569674,-0.879791444576857,-0.795680188122531,-2.60286382806866,"CD8+/CD45RA+_Naive_Cytotoxic"
"cell14918",3.83588963490717,-6.71964187213501,-0.375338444691789,0.947086554652901,0.189102525012302,3.80909842781344,-2.9226925585489,3.9526276080575,2.07202309888899,-0.351911351948416,-0.0163471344093228,-0.778512386199236,2.04129417742569,3.73581962288922,-1.05984812698487,0.515385314167917,0.194513603166597,-0.468385523770512,"CD8+/CD45RA+_Naive_Cytotoxic"
"cell41211",4.40653056099983,-4.25729741597381,-2.21093698656699,2.75080762156608,1.02218096905478,5.55564577813048,1.58455139962375,2.52548190234284,1.46989301414054,7.62443407942599,0.391728723462236,2.84921905579724,-1.94006070755675,-0.528200711896496,4.11095225386326,-1.15721023086775,-2.1136936544957,-5.79296783257918,"CD8+/CD45RA+_Naive_Cytotoxic"
"cell32944",5.50349082837144,-4.57006326921529,-2.33316062291975,6.40805879802101,5.7514832469873,1.10405777243652,-0.347936082175407,3.79333463362359,-1.36630455447268,-5.1887444889955,1.53618457037883,-0.178576468834149,1.95193674285958,-2.37089206360531,-9.37016679447304,-1.24757064524381,11.6447440430354,1.8111163254141,"CD8+/CD45RA+_Naive_Cytotoxic"
"cell26500",3.68889347417159,-5.13631290327154,-4.31174464904604,-0.473001353195789,1.75358901919618,2.35480357275296,0.597118352754571,-0.274897404764806,-1.51923254861479,0.499025158492669,0.250951261559403,3.74364754957681,1.05978336813937,1.50983981637721,0.520529041450075,-0.777573567413274,-1.26388339261926,1.28858279383372,"CD8+/CD45RA+_Naive_Cytotoxic"
"cell12689",4.2854375602718,-7.71049492006543,-1.80673241918926,-1.70221697699323,-1.08843657879656,1.88299979868855,0.00210373275587481,0.882023213410765,0.923522675987685,1.01813121049448,0.128086312224192,0.953326838763269,0.356123447437889,2.89553221350773,-0.275505615412977,-0.762432264295883,2.34587431370277,0.913828146703209,"CD8+/CD45RA+_Naive_Cytotoxic"
"cell42072",4.05111017130129,-8.07979316505887,-1.84078523934833,-0.781395328477766,-2.06714187953416,0.238109461889133,-0.262117207765875,-0.982866873179626,-1.03919346769098,0.739664113360162,-1.01938680688637,0.230791350242437,-1.05349643157053,2.70367256158262,0.099011879645441,-1.77381013690846,-1.07030963382615,-4.12291150820977,"CD8+/CD45RA+_Naive_Cytotoxic"
"cell36185",4.1000277808299,-6.37038920426412,-1.29319083628666,1.8468394557091,-0.770419851545599,1.87248457384928,-2.76738185965866,-0.258997896850409,-1.99825983279427,-0.880118772686681,-2.72063126097636,1.04874362195882,-1.47608767926704,4.34040987860048,-0.455530480474111,-1.55741181128557,5.30088642803935,0.97901689963667,"CD8+/CD45RA+_Naive_Cytotoxic"
"cell38356",4.91662015212078,-3.61487786951786,-1.81903199012995,7.78387089041129,5.05767884443637,0.599887052043131,0.970004644182825,3.23546351010309,-0.863297987971934,-0.975399942114905,2.28820255518444,-1.49358625641902,2.64252940229653,7.59041652030154,-0.563166773059879,-3.66919992957884,-2.2102810444944,0.100391592074859,"CD8+/CD45RA+_Naive_Cytotoxic"
"cell55072",6.13013433425985,-5.85217786960662,-1.12539651912945,3.09815393103932,1.28228966669132,0.900141455411876,-0.69013062246679,0.718156453267704,0.0203427568118087,0.962101421615829,-0.0572967665398351,0.708754018412126,3.63104821521394,0.121906147543934,-0.864473709997233,-1.43751444540743,0.777844764048681,-0.969315313683675,"CD8+/CD45RA+_Naive_Cytotoxic"
"cell44392",3.7607024161089,-7.25007944805199,-0.900401422651048,-0.303245486964145,-1.39756139305052,0.985199488959764,-2.03787231094169,0.158913943374179,0.570252751889863,0.312349587899697,1.40737837971024,0.94181933105856,0.390689099303268,1.36262152692462,-0.401783288295191,0.612313181152102,1.82626388528865,-3.55704802898159,"CD8+/CD45RA+_Naive_Cytotoxic"
"cell56731",1.93612951264525,-12.2239250536923,-1.81486614840546,-2.15265726921732,-5.23997597395094,-0.346152886598743,-0.937527599048699,0.952580712739334,-0.447431918386011,-0.33465708419007,-0.294477992031843,0.355995070496113,-0.0106896567381919,-0.248941931323838,-0.463953086855867,2.081739312071,2.5799121456933,-0.965710508723876,"CD8+/CD45RA+_Naive_Cytotoxic"
"cell43291",4.0792906961527,-5.63040027593458,-3.03487895776822,0.68459846650755,0.513733396705451,1.05481283558569,2.29595876304731,2.37290166426661,-1.14299280627541,-1.56201183315797,-1.82106501629174,1.7351255821491,-0.737374884125258,-1.06912767235317,0.564709818905079,-4.96258469353353,0.328340729278171,4.39734864976034,"CD8+/CD45RA+_Naive_Cytotoxic"
"cell31083",9.47765708441182,5.7776187725805,-4.08168829114773,19.3714168971553,31.257642333558,17.5494128789284,10.4931019295335,22.8551958907656,14.159635081864,24.1174922166137,14.5354000344053,25.2764940024353,-63.935318158879,-5.77948406533195,55.2642649955476,-6.11459645306639,1.649248561419,-12.8068896098238,"CD8+/CD45RA+_Naive_Cytotoxic"
"cell25867",4.68908894052985,-7.23816385988612,-2.45184642232744,1.96992685342103,-0.911979360547696,2.80258502479805,1.11675627374889,-1.77239699740995,-1.40847759149668,0.192369219820222,3.87357413345459,1.50456608166995,2.3709847331169,0.541233508919029,1.04140286007279,2.22275394392104,-1.76948801940457,-0.842982885786568,"CD8+/CD45RA+_Naive_Cytotoxic"
"cell37268",2.23162656823594,-9.0699788093151,-1.41932479258325,-1.7381553575829,-4.25882951457014,0.371122161363421,-0.950193279145065,1.26326762718762,1.19426237389212,-0.987886724512937,-0.347752342557819,-0.830302999674394,-0.425652055119525,0.355631230565515,-0.634761406283772,0.378606442990384,1.79751866679066,-1.07879373414603,"CD8+_Cytotoxic_T"
"cell68341",1.40654886950936,-7.97997824715314,1.03837379936357,-7.49317505097845,-6.29465880900146,-1.96802200751568,-1.8949622656089,2.13221840338792,0.115462161656073,1.08347538004787,-0.621409992962384,1.14935791177332,0.718384712185128,-0.894691397137702,-1.41953928577092,1.35068004340196,4.94753920363362,-2.60252008309005,"CD8+_Cytotoxic_T"
"cell24774",15.032173899184,85.2667935452273,-98.9970504678712,-23.276691082092,-22.1719602097607,19.2563491553117,2.53889064516313,-0.304318605905854,-4.23130889159332,-1.75030470783413,0.289801735396948,-2.36149759530482,-3.45612841618021,-2.79925247159323,-4.30946945241026,3.91444600722637,-0.0850550621517741,-0.916002434080366,"CD8+_Cytotoxic_T"
"cell4770",0.0558634904298855,-3.62397004495506,3.11424621009324,-9.34516136661924,-9.92677337434534,-2.28211850462139,-3.93061328550912,1.81782087679704,0.288468601049157,0.39340115740228,-2.87387468755853,-0.0208696877472933,-0.560001869538827,-0.423214401271575,0.411313270653209,2.10445843863054,1.9521621474876,-3.35542243918222,"CD8+_Cytotoxic_T"
"cell33677",1.94207957725157,-10.585943234545,-0.750276605578896,-2.33509635136531,-4.07362277078074,0.170561444714489,-1.09216866546051,0.227895382579996,0.816524081586781,-0.286088606662206,1.08717747083887,1.45778080424915,-0.401134710780986,0.0508303790829975,-0.00362008376653262,0.571052378945829,1.16535277301479,-1.12991059660882,"CD8+_Cytotoxic_T"
"cell56362",1.4559995350384,-0.520981559101781,3.16990741216424,-9.24695823766446,-10.6467416035223,-12.9328377780346,-1.40039740103503,0.587844608970327,3.17378968024713,-4.24010311668337,0.465928430778969,1.06523490059341,-0.279475290810734,-1.82451103454756,1.38588522823188,6.36828021858343,-1.44273632537554,-13.5574088873432,"CD8+_Cytotoxic_T"
"cell16276",7.91453552816091,41.6313027990714,18.3497329652068,-3.04650427173263,13.2759094844808,-39.2745313256896,41.8300814822663,10.4076817385196,34.0711682499912,-56.2459666617765,48.1903794093041,-9.41307384305585,-16.279605260888,-9.42718627840078,-19.4220813301654,-1.75574119020161,6.09244400457288,-11.9141760086852,"CD8+_Cytotoxic_T"
"cell11092",7.15978453000197,17.7343931634743,6.7748310518121,-6.89959333087276,-8.23314664450672,-3.80181872250566,-5.18706880397171,5.58597393203083,3.87911363074808,-6.3122409833936,0.525403205710171,9.78294273843705,-3.38627247858562,5.5308720534715,5.15660005840857,11.0605533673758,1.38633776160475,7.41496738752928,"CD8+_Cytotoxic_T"
"cell9972",4.89845975778353,4.10454344214887,3.65497810061912,-0.0720437992026774,-14.0018995702757,-16.7781370741161,-0.811736629583679,1.33359880979674,3.58122626818411,4.10882038916604,-3.2224556246727,-1.68017479462501,-0.180967067009043,0.633985985818453,9.81414389955672,12.939977182346,2.59814115524129,-5.31964090775119,"CD8+_Cytotoxic_T"
"cell44966",1.8726804029253,-0.771189150996301,2.96835870837329,-6.17085432418695,-8.95307107149475,-10.3394621436189,-2.31721858055736,0.0656730218443043,7.01252562335594,0.809145722198792,-2.28782265479611,-0.386153103728048,-4.23880330290292,-2.20620040636557,1.92374946068603,5.49397873520898,0.00641442942621012,-4.89690508427792,"CD8+_Cytotoxic_T"
"cell48870",12.5113756261337,57.4501860571226,43.3613062731027,75.8184109616625,-64.8316598347632,30.8722570740997,-2.88515734743119,8.7037062698144,-11.5771367669,-0.720134691617741,0.768557966394819,1.15546413764878,-4.04048427838603,-2.92572789460679,-6.5509420010069,0.376459298662071,6.15849427579822,1.76365055701108,"CD8+_Cytotoxic_T"
"cell21612",10.3048562326792,44.9716760077428,8.91210258212086,2.4412450875563,10.1921836205786,-70.7058409525943,12.8288723413386,38.8356839745511,-33.3941504962441,50.3066010693767,-1.80169246879422,5.45037309170089,26.9071112855943,-1.36530839429177,15.17719142337,3.45674849929922,-5.78607761756289,5.35526585596753,"CD8+_Cytotoxic_T"
"cell48124",9.48836053674719,35.6634415756068,15.1787144599859,-6.7058951579652,4.13337110320584,-16.1049373179527,2.34200701621724,-12.9878381718842,52.5005604105566,-10.197175010422,-73.8659605860492,38.5952125464331,-4.41060969459216,19.3252083130401,-0.4229938174693,-14.6881065370933,-8.26017452997617,7.33844336522828,"CD8+_Cytotoxic_T"
"cell55831",4.23590482740464,1.26575872885558,4.20265979196507,-5.84190277583286,-10.5849650064348,-17.4879120028674,-0.880983301401506,-2.05555024410076,3.16182717505976,-0.0258242461147958,-6.17593270062125,-0.70133700284735,-3.143260916663,-2.66542788909894,5.17862635070478,9.04132642115026,0.284240820356456,-9.96145904899639,"CD8+_Cytotoxic_T"
"cell12038",1.08478191851917,-3.6370171086383,2.41369001036753,-7.29937155167291,-9.93288870880273,-9.17990847113008,-5.20149404770644,0.239218437236492,4.33900926334253,1.01328412658897,-4.75033883131958,1.75300196760305,-0.988665374512231,0.252918379539197,0.034691422718809,0.367478407544654,2.17938664770958,-5.73328056295992,"CD8+_Cytotoxic_T"
"cell18334",3.54943443246414,-3.0809982316734,-1.46635803455218,-0.325591416652921,-4.41562695864704,-5.71089675906726,3.32175373180728,-7.31873413081361,1.85507646062718,-0.151481027773884,-0.46620372559904,-4.53709921403584,-9.04318359549344,7.40167881139645,1.24491279800831,14.3914857872763,4.94403999331939,7.4171276310249,"CD14+_Monocyte"
"cell11716",2.98580821945666,-7.10208721468298,-1.33858037488509,-3.27573215705546,-7.36233331395191,-3.73570540327032,-0.762303879611214,-4.02967506685694,1.13570375796914,-0.499812799237887,1.89479762476484,-3.33098612543273,-4.62367486653912,0.769342647528059,1.23204934430892,5.05299716869342,1.79661195750993,3.86996511681499,"CD14+_Monocyte"
"cell39853",4.25871144876426,-8.25575353436003,-0.537120717613988,-2.39410581765727,-4.62741618878159,-2.69789345037309,-0.560555978751065,-3.17028672956427,-2.50279323548256,0.0262151655622355,0.867454527306015,-1.55321693018664,-2.34085998362503,0.619062534296261,3.01836920042592,3.28432224260217,1.66622192410051,-0.236651163574732,"CD14+_Monocyte"
"cell16779",4.6023650659418,15.0234903043034,1.10533938925292,14.7489933971769,1.00777223632847,-24.7249486409738,13.3549321962091,-97.2552161511494,-16.2945940002236,22.6977003641893,17.4439384324183,-4.49408000725848,-12.9224946727584,16.402517567193,8.02385137689696,-15.0594029557092,-2.5348702140585,-10.9349353702784,"CD14+_Monocyte"
"cell27843",4.23849478665185,-5.4332781834609,0.539581353027931,-3.28498940403054,-2.72971325787097,1.4561221086345,0.728808308689939,-5.95160063250363,-0.438512402196812,2.47495275941824,-0.507552320446013,0.441420485971632,-10.0248348093499,1.72240068684259,3.96531462224784,12.9491199769877,7.64735588610134,8.26233816007984,"CD14+_Monocyte"
"cell8201",3.83425147633382,-6.69781612543303,0.112005458682927,-2.60940049215965,-5.58921192221516,-1.19117245893589,-2.10945669957676,-1.80396019218212,1.7410736547334,-1.41366886671673,1.30968760277886,-2.68647029248454,-3.64071540399402,0.712038529736,3.96143785516361,6.23607992355086,3.87914951271036,3.21286608009151,"CD14+_Monocyte"
"cell42753",7.56897293804749,2.03152067710136,3.15990235242625,7.55731618789543,16.4237350017648,-5.92984616066177,4.74687407702796,-5.98833049822009,-0.299418192955062,-11.0928775684528,2.36384412714889,-7.13321960197301,-10.7292613697238,10.3633390509929,-6.79174537087934,30.7782293645469,-8.52801120971332,76.8759647738179,"CD14+_Monocyte"
"cell4574",4.3875020104433,-2.44333416634461,-1.30117286651998,-1.87420354866447,-2.33619490296923,-1.5137364683506,-2.11410633779926,-2.36169958509569,-1.2915438895783,0.18461754133727,0.388426358545202,-3.62291175820076,0.677654254512282,-0.929306322823577,2.33779497817489,9.57830597893109,5.15530423355467,4.18548000807719,"CD14+_Monocyte"
"cell22096",3.95055716960316,-3.21272392027882,-1.41854121204032,0.687660343403205,-3.23401266343957,-6.24660183446569,-0.610547487497276,-3.05384443652982,-1.62056739973111,-0.636491245234908,-0.724777001610263,-2.98400022285884,-7.48534866230185,3.08374268847931,2.57828526959192,13.486170046014,10.1377405550767,16.3228626218484,"CD14+_Monocyte"
"cell60662",3.07891078742989,-8.31426604517386,-2.33422046102313,-3.20114656315248,-3.63871222450907,-1.41232754264819,-1.04746310147961,-3.04440189675276,0.722411705860237,0.0527858553404699,-1.03085131360558,-1.6192132453666,-0.970901792446411,-0.280505772871711,0.854824572757777,5.14191301659443,4.36165812835053,1.31818185849786,"CD14+_Monocyte"
"cell10694",4.35913956493038,-4.74492901943883,-1.28579116237858,-0.175535778139413,-5.6996712338377,-3.34078930784814,-1.45980638413762,-5.10298627247759,-1.30333681034981,0.472875331804009,-3.43997111348576,-4.19819835031858,-7.11530774785074,-1.48899246868717,0.15712868004441,9.03397614614019,1.00551753093374,3.48724915627858,"CD14+_Monocyte"
"cell23474",3.04104485785191,-2.12315319244101,-2.88669424863201,-0.918924104668845,-3.25675479575499,-3.34238398481918,-1.80681072872294,-6.4492656710517,2.7881453210332,1.85413229024236,-2.65282682644005,-2.60886242134348,-2.59389896633162,4.3920961984647,3.58196491175492,7.04999997181307,4.73571463424988,8.82922919860774,"CD14+_Monocyte"
"cell35822",5.672665005913,-1.59988145682246,-2.02822137599624,0.427241535052978,-7.51966553942771,-4.89651578316445,-1.20046744152659,-1.50356070515497,-1.16134830098446,3.38248556039106,-0.137996323332413,-8.53717688557376,-1.78346331111683,-0.897277332674339,12.3093259751636,23.6480723619865,18.4447982046753,8.68118696543939,"CD14+_Monocyte"
"cell63967",5.35449709778868,-2.70440009218028,1.7971964238625,-1.46031918013659,-3.44754589572762,-3.35372930089527,-3.49084702991737,-2.83299881989138,-2.12649332502224,6.52632195993593,-1.32998340167355,-5.74009790374897,-8.10615478379744,-1.08998184319202,4.12865818965254,12.5610047338007,2.58818907219002,7.55177191464715,"CD14+_Monocyte"
"cell5539",3.51910755484237,-3.9639262777018,-0.0359425849216296,-0.816204962711774,-3.76610061969369,-5.34137106007778,0.250038745851094,-7.98975149967882,-1.85265459204011,0.143367553032596,1.53671839012591,-1.92895332771236,-10.7136389787927,0.956889811753084,2.43079736975749,11.5204467692489,3.89827295069944,11.9254615242736,"CD14+_Monocyte"
"cell19907",5.20686676886811,30.9605630536525,31.4696073811632,-33.1099284635315,14.3963059012893,31.2669038814759,-4.39233286326967,4.45074495926383,38.2261725345105,61.4911019924224,18.8968540723017,-35.0825479691937,-6.69136293918645,11.4711152435785,-37.0021905108514,-4.59181239268269,4.19529503323465,3.54063770681158,"CD19+_B"
"cell12856",-0.421875076757784,-3.67943754728468,3.85099133118442,-11.2830419788697,-12.0218511865376,-3.59313965159264,-4.15412839326571,-0.690762382392528,-1.03435749023537,-0.212509408249884,-2.80774543536839,0.158758001421289,-0.0797085194214512,-2.58225516751749,-0.489828574348595,4.29690378320111,3.22013712178998,-4.11178929167748,"CD19+_B"
"cell43711",3.38585069213044,9.16962534263028,15.541661295285,-20.420924073187,-11.8501664390928,-4.76822518024798,-1.6551304576291,-1.45775674098263,-2.34943512732468,1.52193351823443,-1.88634860892151,-1.20379356518168,0.781158495468658,-1.22202291015567,-11.9654280764732,5.58621284940519,4.39073615742616,-14.1858482904635,"CD19+_B"
"cell18055",2.11301169677157,4.46232739236881,5.87210637335971,-11.118800265177,-8.91524069999121,-3.44731685667933,-2.3389267874943,2.8059168411823,3.7069457816044,-0.540065112791385,-4.12794423566071,-2.82452841813816,-4.85237341582636,2.24956549457045,-2.21639661719848,5.33383779137678,-1.32676535538201,-12.3099145756403,"CD19+_B"
"cell29642",-1.56897050965836,-6.26149809479868,1.81024080770343,-9.90354721086082,-10.2001299199396,-1.6143182253255,-3.64129519418414,0.635826989646925,0.640447190814507,0.600553734009871,-1.27501465193636,-1.41807185625387,-0.910852622839621,-1.01024732869536,-0.890421030842976,1.93107290873224,2.09253894565576,-3.60370405595314,"CD19+_B"
"cell8469",0.817195024762868,-7.96044912630368,1.69038397198299,-8.77190366085877,-10.1233256179935,-2.53402421574846,-3.04910013404335,0.295500775552639,1.21037490071377,-0.472930693047494,-1.98107638849016,-0.0825876177081817,-1.80837435646092,1.12326498421535,-1.51842605562455,2.38463483991342,2.58159213806847,-4.43564373026408,"CD19+_B"
"cell47038",3.42639966725816,36.9797498329071,31.7835785653339,-33.3487094709489,15.2838276285204,35.4491362793606,-10.885015753774,-17.8055319974331,0.492195679166488,-14.4724695429123,32.8349875922297,40.8985333345984,52.3753726183343,4.70358407414566,39.6215277405619,20.6714143301795,4.74319309037377,1.22280946948207,"CD19+_B"
"cell4731",3.5949224819393,15.2660397135228,16.4470501419274,-20.718706549102,4.12912786449724,10.4878870082133,-3.6654775669837,0.350062948860219,3.2130879586621,12.2930421069917,-8.31171014751571,-4.14390705905129,-6.17418400007166,2.24804116656057,-2.94385882080377,-5.35483656192108,-2.85563745692727,0.517348822064024,"CD19+_B"
"cell23341",1.15240319542661,-7.29308132109204,1.39670543196654,-5.61753978239826,-8.87769585304511,-2.64419870583556,-3.1248634486537,1.4871649038899,0.678370254887182,-0.862953448999591,-0.0877972350107486,0.587969684024665,-0.46788737265228,0.134240694319796,-0.516348581025358,1.33818268809803,3.84281905587813,-4.10563296295865,"CD19+_B"
"cell11222",-0.557956779941863,-5.44794233295734,1.04037370823364,-8.65150384849042,-8.54137628839118,-2.3798778471206,-1.65600314804585,2.24489579294186,0.42351382267799,0.333904076004635,-0.268002591210461,0.403498549957351,-1.01340415111785,0.0864672501003207,-2.27254945492273,2.25454891761998,2.04760210945644,-3.92536452923642,"CD19+_B"
"cell25006",0.522513201442111,-6.89099151428554,1.19372177812841,-7.35370745100199,-10.4876965673918,-1.94607048621252,-1.53290013670921,0.976460497957496,0.493334960723529,0.343089355664882,-0.31999809835555,1.40412554057896,0.0121173051686292,-0.859650063352898,1.89123550767084,0.441501089426359,3.29162321330898,-4.0476885346316,"CD19+_B"
"cell38847",-0.213142892083302,-6.17431463634649,3.02040980855907,-11.3886870635336,-11.7958638256714,-2.38031341763892,-3.77275076784035,-1.05857939375138,1.68350752117426,0.0816144627177288,-0.746137059443751,0.370254147231591,1.60030070864642,-0.216009578563723,-0.539705755689788,2.87474582412879,1.79879674393646,-6.44673910827781,"CD19+_B"
"cell5925",-1.08272781737228,-6.50279320553393,2.18760911046977,-9.86772775846624,-9.56415656578427,-4.2513232719908,-4.69293038015398,0.362645799770104,0.93244489760498,0.835656901035033,-3.23006180229562,0.61169944498854,-1.63295318244946,-0.585800247386529,-0.0946526931017441,1.84328360709028,1.76658960141289,-3.24001774031631,"CD19+_B"
"cell34800",6.95298094494401,33.9618744152942,35.0974482623204,-40.9509625758317,22.3197948476681,14.2557396719774,-11.0510464110658,2.30675290177638,-67.2400978561026,-30.7203573318203,-27.2223728075992,-22.6906926607982,-34.1385648305209,-6.48524075735392,4.50909848453637,-17.1188266749243,1.94820263522986,1.09301435194915,"CD19+_B"
"cell31283",2.48057870591078,4.15350982102963,9.66026259979309,-13.8210127619326,-9.4432646272801,-3.97816080488532,-1.83437099319156,-1.28287097262593,-4.69289521962038,-6.27592936907398,-4.15483176560641,-1.27758790364677,-4.83240056468224,-1.03165461165878,-1.20309940108682,0.0471515073367449,1.65346684673637,-10.1860251773125,"CD19+_B"
"cell5307",6.90256953357004,-0.635108563901979,-2.18093049979016,4.0407268349829,7.09769988921827,4.58028254325938,-0.556106158639834,0.237858494959822,-2.34412425980985,2.08625991263016,-0.578388763027963,3.71576849144693,4.27096068526931,1.27717099138455,-2.7031795157196,1.91374774103288,3.04446819431293,1.12358550969705,"CD56+_NK"
"cell38859",3.4028831350676,-6.92761888119636,-1.03805439469531,-0.939666235683632,-0.871034611407553,0.674306424191629,1.91024130162739,0.23844492107391,2.12479079255291,-2.27474233416359,2.03355757957935,1.22109228785829,0.623643271329286,3.16588469722857,0.828530173881246,1.20953096910435,2.70809391384126,0.23534253439557,"CD56+_NK"
"cell23518",3.84772228596516,-8.71615964120174,-1.01972774389793,0.321260172249518,-0.919066990979142,1.56433726845727,1.00350927512308,1.00700218007969,0.109131337798456,1.41224058039485,0.109956752674757,0.930340553388109,-1.37547578016517,1.06409521135853,-2.23121850200639,0.22918430083798,1.54211205647931,-3.06142206017264,"CD56+_NK"
"cell50341",5.09676237538497,-4.51312645725424,-2.55736948636303,5.57226186743936,6.08974904978438,3.85093793540907,2.33110984698303,1.48796237452067,-3.01829433153877,-1.39409821793465,1.06444451862077,-2.23714513836941,2.14092275637284,0.568410591248097,-2.53566776533914,-0.241126157817419,1.20447648999739,5.76581090965139,"CD56+_NK"
"cell64001",2.77752719922694,-8.34623835848236,-2.90875512597099,-0.91043811399249,-1.42441442044563,-0.537732046448071,1.90177134527977,-0.737444510695268,-1.32625802300269,3.10397842082304,0.406334380843617,-2.78356445900575,2.59456595365392,0.284544796101228,1.57670990319927,2.74796254446702,3.62258146866723,-1.82899088966294,"CD56+_NK"
"cell47439",9.09096143073348,1.61662250998831,-2.39973519861281,19.2854801181362,23.0273486419925,9.57763376074704,12.1230139663994,9.83750866596806,-15.9693722792562,-11.485062135644,-6.51412752548703,-11.0603211338531,6.21542941470652,63.0240789635739,-15.0334917358341,32.3713185476527,-44.8988244007854,-35.6647746446665,"CD56+_NK"
"cell61860",6.4700746965459,-1.9929998207372,1.69658969908066,5.42984205302194,5.5206343608397,1.4406283005051,4.69372072740186,-1.49620748505161,-0.234229613060945,-0.626502603743044,-2.59183326677494,2.36239155221709,-0.715398238512035,3.15371498556008,2.10723188026397,-5.27708371671202,-2.45516876426746,-3.64764669389039,"CD56+_NK"
"cell51057",4.85850508887336,-7.37169255294673,-0.575507054723063,1.29418353101682,0.203619160504744,1.17866385096031,0.847354656596103,0.146732662656394,-0.377966499084541,-2.4711543448757,0.780038089084298,1.27512999401751,2.1954629779407,1.39019528483184,0.941255826390541,0.575686898313232,2.43449679223821,-1.51118424236598,"CD56+_NK"
"cell41175",3.96078154940427,-3.51714700248656,-2.43464843321357,2.23612739992689,3.61061396146661,1.90475271238424,2.05795989159092,-0.363204028626612,2.42504905408682,-4.44262306008817,-3.12969925639322,0.801544038983899,-2.31980759460056,-2.16468720830292,0.179732838764391,-0.827232097121452,-2.48200656512081,2.01393384468484,"CD56+_NK"
"cell19947",3.82196074901592,-4.22402380146552,-2.39901580914373,0.399263391233391,0.230424568739848,-1.07741149575424,-1.12825265782591,0.836072774406907,-0.884527136147839,1.13298584147775,-1.44460566000618,0.352898882396655,2.01356334224382,3.62454421716548,2.31772514135816,0.776630823463568,4.03523210001255,-1.88630996063052,"CD56+_NK"
"cell65349",4.65860179068574,-3.77244906996284,-2.3110312913446,-0.274374507284755,3.24783482040762,3.75829820636107,1.48175978126893,5.04505181964833,-0.106489901271087,1.43426253146779,0.706261787703743,-0.212046782606324,1.42590498468032,-1.44063020823687,-3.81129631529866,-1.66293674984727,-3.62608557376995,0.672289542128022,"CD56+_NK"
"cell56098",5.66629861399645,-3.40996857864474,-1.12487610234902,5.37340853003372,3.30844632867863,1.73835220408523,1.96287945932182,2.43835394269691,-1.68329802684745,-1.0786281780695,-3.28157470074524,-2.78666477783435,0.00702005088529862,5.29913094672074,1.10212327312483,-0.819354588246016,0.984140114326198,-3.5326891747809,"CD56+_NK"
"cell59528",3.40455948887363,-3.45549641023873,-0.592758042983551,3.03715846032448,5.12574320971516,5.54873068189023,0.49483270305729,0.124086007187091,1.89369541366163,-1.5886084275389,2.93954822212303,-0.4425475576623,3.2988525204449,-0.182735887349754,-3.61703526383043,-4.03929880354371,2.03920437878892,-0.840496201035772,"CD56+_NK"
"cell42905",3.46697323243366,-4.26789571965129,-0.693389790854355,0.577351234164139,1.23626381835277,-2.57543122584419,1.53494127769904,2.81644429347753,-1.81557517958364,0.718079143634265,0.606665824006558,-2.06407955726262,1.87772360921445,-0.817560977458602,1.26134075546205,0.908115014187456,1.03285930497608,-2.24722748027809,"CD56+_NK"
"cell6679",4.89368016416776,-4.5893331088221,-1.37514349331605,1.48602567989973,2.0837561104475,0.487237508336826,1.60323721096714,2.58033553966962,-0.857624789076118,2.20125308640839,2.67286119310493,3.90986979495911,3.60120814584573,-0.756592455424806,0.616845894208174,2.29293023362265,0.573841555629546,-2.91415771848577,"CD56+_NK"
"cell45569",-2.46656521312682,-1.0403361530448,-1.87939681240715,2.70893580169513,3.15254885757857,-0.17667904950397,0.693956260179768,1.55747476426845,2.32186062991716,-0.681102884779837,1.83588374934343,-0.0192006593611747,-2.9055318835367,-1.46442928458595,2.25689030242191,-1.38020574637328,0.46578729288794,2.88291525880991,"Dendritic"
"cell34725",-70.675494197272,9.77563663171071,-3.2474503899124,6.07953465520554,7.75073617595272,3.00098288199604,2.02451839061631,0.264987440177354,0.676886079181224,-2.08963648525181,-1.68965393065944,-1.23086322222966,0.390277076266595,4.28088004857347,1.99110393618129,3.28695166989139,-6.19063358656686,2.97431455610262,"Dendritic"
"cell51368",4.17866422447186,9.04117959978394,-0.33324077038717,12.4417365223789,2.02670182322164,-1.69865255035734,-11.3099588826959,-1.6008222906567,30.3561364366648,-14.2811833672989,-16.2949005740216,-76.5386308472241,27.9740073303259,-9.81802170136663,54.0814557584357,-13.9477215999602,-9.62238966477982,-2.41468821661587,"Dendritic"
"cell24172",-32.9834531714264,-3.62200614022653,-0.152419802819667,-2.19690236561799,-4.73867689150867,-2.07441540860225,0.5642174718562,1.61122035107283,-0.641356168583773,0.295421822396542,0.816354039388767,3.01852541603103,0.7336141521411,-2.18757516414641,-0.514641201886342,0.213019190986823,1.93452949779079,-1.93823300972641,"Dendritic"
"cell22236",-31.4514773425189,-3.2448454433082,-0.757049630687169,-1.73991493744148,-5.91518136480213,-1.33179117825374,-0.255869054450361,0.781619841442833,-0.947406254855361,1.09949974791514,0.144841116625401,1.81664834690521,0.613233542287108,-1.49036509712892,-0.902310808917362,-1.5962522394692,-0.0333829089639109,-2.36773786382728,"Dendritic"
"cell58355",-42.6718405379844,1.83430604761061,-0.371826844476451,-0.112686786775797,-4.4522405270416,-1.07782319485428,-0.573248885424166,0.411358567717439,0.575238158356833,0.0229651678811048,-1.70087975986353,2.47137720035179,-0.0815405183849248,-1.15568905671903,0.816369362569718,0.321642694028275,3.5233987194713,-1.51314948118556,"Dendritic"
"cell9428",-72.2256591453951,17.2471218931462,-2.61954671698912,10.8619065629038,13.1324530201125,3.67337988983755,2.74756831055798,-0.753376356633821,-1.07454794130237,-0.688776681750404,-2.25981122986282,-5.12605789222727,1.39839202384061,2.03475816033579,3.54175598815317,-0.739049427134455,-4.74049082397176,6.11740421034019,"Dendritic"
"cell28624",-48.3170168291257,2.88379476640386,-1.45997943492417,0.502953943869973,-0.273445516811243,-1.35835382366548,1.1269119700412,1.11482183735725,-1.70946323961066,-2.97531369135579,-0.00677921261411137,2.60771736462685,-1.1608784946699,-1.72868068054514,-0.838787452937236,-1.95457693253538,1.60896073830734,-4.29415369007936,"Dendritic"
"cell60046",-47.2328710725983,2.55833939760073,0.180281095178251,0.708785467805247,-3.07888998263402,-1.2243294242306,-0.277014927745605,1.90546193817218,-1.53254110543875,0.909167284728883,-0.468928465980153,2.60728580062333,0.483090261772647,-0.266799750822213,-0.276296911772808,-0.307952917472612,2.94656154164484,-3.14489902968339,"Dendritic"
"cell29618",-16.1173538454014,-0.232849296653055,1.05624415996197,4.46348783079691,4.01906566886145,2.0938275883909,2.49820999139423,3.82416449715582,-2.2486378985854,-3.2488905750345,-3.41756166055938,-0.974033971046458,-0.753670076725253,0.589186546613286,-0.502656885678438,3.72875954606457,4.26957810943461,-0.129012900996739,"Dendritic"
"cell63511",-31.5904350585583,-3.87477532239692,-0.700623982419188,-3.2400783287737,-5.6576538607426,-1.15500957299812,0.0703259329879295,0.917149769689024,-0.0994882007481585,0.925899164150317,-0.405636308477582,1.31389956086485,0.660389837994904,-0.955169023833128,0.233520720542359,-1.53809184990701,1.29882139503543,-1.6136751058578,"Dendritic"
"cell44770",-42.5749614599608,-1.00643695157502,-0.265345496744709,-1.39146376362063,-1.98715481031882,0.650415577897245,-2.86947072227106,1.25726560891391,0.205088320074606,-0.276600257307396,0.469162911404251,2.52392687278416,-1.11279330791691,0.585090330504189,-1.00468131090122,1.24652359434458,0.90539049147166,-1.94329978503267,"Dendritic"
"cell8869",-55.3347102177314,3.61311572560263,-2.10452736437649,0.0995035266982976,0.686279875617775,-0.580692012422946,-5.122353552418,4.4687156682497,0.690520419360952,3.55553718672591,-0.671198187335895,2.36177508966375,-4.67540942359212,2.92197393162252,-8.51127897420316,9.06838871672166,2.74853365204753,3.13403063381338,"Dendritic"
"cell28647",6.50830460087265,19.6759006810474,-7.49673632393614,26.4334262109958,30.6068669619073,-25.6475375425461,-100.790904239953,-3.65877697088759,8.81177197555625,-8.60162821655497,16.0221612651615,6.0843551788524,-9.54923929473624,-8.68031938475867,-16.5361308004629,4.24640087404153,-4.51274649986455,-9.87046419440433,"Dendritic"
"cell33804",-60.1218065002052,10.5739619674571,0.89648271103208,6.16375523229867,7.21597782941262,1.68320980412408,7.54954500175166,-4.13080689702116,0.669966283417248,1.99700495293288,0.825084990104776,-5.17835308161473,-1.17006821622158,2.16696333004706,3.11572285602577,-3.73666492140913,5.10496789768845,1.2287384148762,"Dendritic"
