"","PC_1","PC_2","PC_3","PC_4","PC_5","PC_6","PC_7","PC_8","PC_9","PC_10","PC_11","PC_12","PC_13","PC_14","PC_15","PC_16","PC_17","PC_18","phenoid"
"cell23371",-2.9932472962688,-3.22844274825325,-0.208150916439957,0.381429095619443,-2.39993437625719,-0.708044621926555,-0.373955084234094,2.22223632981709,1.7607178670281,0.416119516077418,-0.506207052344718,0.967834967299238,-1.19542012202118,-1.54100163410899,1.35568853190455,-0.875510283500423,0.0813269153726604,-1.54899064215576,"CD4+/CD25_T_Reg"
"cell15833",-2.73828576982934,-4.20340064580004,-1.00766450028648,0.630149437144539,-2.23451020779429,-1.91497238434631,0.715966106817296,1.20712082425742,-1.45376641359457,-0.298235429885889,-1.68256296165087,1.51715807258597,1.20183050230146,-0.98859083113412,-0.866898212043119,-0.406872837853336,-0.681727350035257,0.494170584980353,"CD4+/CD25_T_Reg"
"cell53812",-3.18567501513583,-4.85089853424642,-0.711680064411881,0.555584907064903,-1.70402300622433,-3.20838646851133,1.31665113711501,-0.335698188495632,-1.02147698283974,-0.254018388736773,-0.967449182622375,-0.794457253406686,0.672839929885036,-0.543880952281485,-0.724064353589118,-1.50081856825397,0.707809169423955,0.889166412485292,"CD4+/CD25_T_Reg"
"cell21618",-3.09657932585997,-3.65431951230099,0.46553804759276,-0.336009145128592,-2.15675893643206,-1.70075235721539,0.883936306751449,0.505494496650596,-2.40237923851235,1.5046318473224,-0.881806528038952,-1.06129477549772,0.334055901840501,-0.522396656780203,-0.779433841064872,-0.903178410071186,-1.40469300145753,1.06343536220298,"CD4+/CD25_T_Reg"
"cell36713",-3.82964276120426,-2.41392517746502,0.0921759880448261,-0.692320987875045,-1.82086187199353,-0.546177543313764,-0.462634527216281,-1.29367649095603,-2.98972536955733,0.93437546481533,-0.204879384564434,-0.905137289007014,2.57870384090063,0.739950614061854,-0.830598567259574,-0.576226487627826,-1.44499981741203,1.34034250183498,"CD4+/CD25_T_Reg"
"cell10381",-3.20695200529623,-2.6344139382992,0.162284163569394,0.148647735878972,-3.45877626786028,-3.06796430288605,1.65634044069836,0.684170889245606,-1.89674507321777,-0.764041641844208,-2.63872930889969,0.225469882606798,0.490464048458366,0.849718944172544,-2.28356644115806,2.54441820797043,-0.715318993110806,-0.804472934690975,"CD4+/CD25_T_Reg"
"cell56942",-3.38953585754356,-2.20815109822995,0.437662353062445,-0.864977150203165,-2.79339982940774,-4.04518708609814,0.691648796000728,0.0713547734290253,0.920235160891603,0.333994991959317,-0.765409553072871,2.30756661699059,0.00536826128093041,-4.53620934057817,-1.87643168780053,2.60081654573107,1.38657574264134,0.343324689623989,"CD4+/CD25_T_Reg"
"cell6063",-3.06676919547708,-2.93871722986145,0.300586888619048,0.653004456198204,-2.52833384235695,-1.26751732547661,-0.28089355145261,0.600404584315251,-1.59744061349779,0.946488762863588,-1.01702432760085,1.64801525566718,-1.04656725062579,1.02146829407169,0.586124522133536,-0.681071918641986,-1.5195781407199,0.507041696439047,"CD4+/CD25_T_Reg"
"cell28757",-4.45387269808347,-4.5436379189498,0.337964531392746,0.536367663135531,-2.38511543382365,-1.99394702248973,1.28375727594484,0.0682397755284763,-1.0633515737064,-0.0978926175543011,-1.8783214529766,0.46113677779054,-0.71774895209771,0.17741176559792,0.926656301159775,-0.862032827438591,-1.13395465574289,-0.820652412795111,"CD4+/CD25_T_Reg"
"cell13591",-3.77213413870275,-3.64665519034834,-0.693816114715442,0.725646617238271,-3.77685728064578,-1.93032480162049,0.701802188557346,0.106507104425445,-2.66363886279728,-0.251165701062502,-0.312482303093917,1.23204858916389,3.06494626684552,0.595910525993856,-3.32962965116791,3.13522258573863,-0.290193589554993,0.0153981234429153,"CD4+/CD25_T_Reg"
"cell31202",-4.11909294592074,-3.45661965351458,-0.219340058629487,-0.165115703889788,-1.67680673575242,-1.55633977081233,-0.225817914861624,-0.618079582425507,-1.59744534675337,0.8030946921101,-0.921794601910986,-0.276812843631788,0.48321819927224,-1.19677852997299,-1.80727500058099,0.0724743053548534,0.233721220800889,-1.20114247488042,"CD4+/CD25_T_Reg"
"cell48369",-5.18315420000046,-3.32997710389402,0.144968053709487,-0.0552539899753941,-2.38284178438994,-3.84593900433257,1.57506265562791,1.33442168832449,-1.6205694814796,1.52958323014028,-1.8029404797264,0.0635606164645873,1.06157474069801,-1.04425962765167,-0.881779377717619,-0.984995809455796,1.24244239947626,-0.178898840335309,"CD4+/CD25_T_Reg"
"cell7491",-4.04797975196236,-4.58836318818649,-0.12392854631425,0.550410902996377,-2.19741203971472,-2.44778475515469,1.47936844363437,-0.302710372250692,-1.55023398869164,0.0645530668513447,-1.61491795968412,0.902777345615285,1.65821521521027,-1.10206563009828,0.0607807471846789,-1.32574438757724,-0.728259387023924,0.236039306435168,"CD4+/CD25_T_Reg"
"cell43432",-2.64289423211465,-2.01316482487421,0.12188697259544,0.274310981127867,-1.83616773478519,-1.42419132922412,2.43695527869158,0.288930659329415,-2.65899315712526,-0.0742490629663633,-1.71695524703413,-0.928137270804848,-0.947838681907909,0.848994740550133,0.166765670635395,-0.555249652493273,-1.19686338906744,-0.113565461740594,"CD4+/CD25_T_Reg"
"cell39015",-4.58067292932426,-3.51925208889223,-0.260440568122837,0.117551456404666,-4.90685274936899,-2.73073894048074,2.20189600609335,-1.30368473417897,-2.92049577202236,0.474597226078719,-2.56863302819707,0.844428174395066,0.386731632880356,1.11392468635818,1.15807644463444,2.56735791684522,0.339884197420828,-0.880078937379024,"CD4+/CD25_T_Reg"
"cell21483",-1.83495760467903,-2.58228177877653,-0.127842516281306,-0.22244866794589,-0.329481347906047,-1.19336366075044,1.7615195714783,0.715287040339296,-1.04016303214447,1.20894538419404,-0.19942223471776,1.88399511509575,-2.36007361123585,0.206933144171168,1.47479029182893,0.738705401734883,-1.87257307863048,-0.967081302882258,"CD4+/CD45RA+/CD25-_Naive_T"
"cell14405",-2.774937281389,-3.24689293797903,-0.402063918275463,0.325882961387788,-0.901456010232051,-2.39756418431887,0.0109884679241645,-2.77410519514994,-1.4727996006434,1.54020859392385,-0.253143830162193,-0.00863374020784942,0.99709239034713,-0.17308022799581,1.33119722301204,1.56018309353576,0.0153532352643812,0.58801073706056,"CD4+/CD45RA+/CD25-_Naive_T"
"cell47301",-3.39823133058548,-3.04889243462308,0.595002446675832,0.33365392878595,-1.46971307855471,-2.29318516289801,2.01431321538971,1.60659260834962,-2.2205634182246,-0.103976071015647,0.735197236992041,1.01357158832207,0.67898874271626,1.02697889156864,1.79924406624308,0.919592233747186,1.55040061784653,1.79191221469016,"CD4+/CD45RA+/CD25-_Naive_T"
"cell19648",-3.42193934174774,-3.71026632842956,-0.6431726657468,-1.35073391407849,0.128895163183608,-0.78259456624727,2.97793028072891,1.0326595388461,-2.20816626185185,0.202854957395073,-0.686979417091464,-0.0561517713145696,-1.2884351480344,2.62611548656007,2.19075021313331,1.39484943276855,-1.32417955940619,-3.19086041742379,"CD4+/CD45RA+/CD25-_Naive_T"
"cell33952",-3.98328963026589,-4.92880505273378,0.437301305592769,0.412563739905538,-0.368449504013648,-1.09744784273574,1.47370932445285,-0.0158923339195388,-2.2701088258848,1.72940896704044,-1.79470299092082,-0.218806996698307,0.191074273706127,1.15053499297449,-0.0899469255698392,1.64797118348943,0.572621372878968,1.17577812357498,"CD4+/CD45RA+/CD25-_Naive_T"
"cell9979",-3.16543942056484,-3.41921240035987,-0.394849640576967,1.37914861947991,0.0847574012948075,-1.41727787029695,0.487277049810163,-0.792557294029404,-1.55034490619237,1.39598822612057,-2.62881296896363,-1.23713487238474,-0.746882307029184,0.648790202967236,-0.894360767577754,2.92490084856256,-0.85785952607417,1.04207408538461,"CD4+/CD45RA+/CD25-_Naive_T"
"cell51387",-3.68822960488424,-4.22296446178413,1.33353787297444,0.664620777453008,0.643142610912352,-2.0065462349597,0.608618295109042,-0.132032370219249,-0.151560908626963,-1.2242667150116,0.266935738411158,0.400973531650978,0.166241647464002,1.05557999776703,-0.452613313894735,-0.0706172264202706,-0.112488466791143,-1.23828439780415,"CD4+/CD45RA+/CD25-_Naive_T"
"cell5581",-3.51731302971063,-3.87212948648973,0.767079515427666,-0.808502957099402,-0.280930350616046,-2.00035815272076,0.615480156599485,-0.312978678257503,0.186597803689438,-0.888265722620813,1.02709152600425,0.627024675735033,0.917364544238936,-1.72929545745126,-0.91146272698455,1.03313015175843,-5.97029331532221,-3.03052332499701,"CD4+/CD45RA+/CD25-_Naive_T"
"cell25646",-2.80347577623839,-1.53978624046213,1.69857964064252,-1.22578464500683,1.71496713410671,0.281915165279584,1.60876329503147,-1.2471219115206,-2.04959156839223,-0.207335756006135,-1.74398005982,-0.946496383378272,0.896286927340742,-2.00903797066307,0.887266562546049,-0.599051702156113,-0.920381770949838,4.70958390234718,"CD4+/CD45RA+/CD25-_Naive_T"
"cell12636",-3.13588955145517,-3.87710068888337,0.0159839653886214,-0.42359373623644,-1.11842623234307,-1.36256840688764,2.12955676118908,-0.22014793067639,-1.65328983213937,0.315078980370509,-1.90095417024379,-0.563182326679904,-1.43408402469014,1.73322292777595,2.68251426054821,1.08492297746336,0.385298454267678,-2.70128992237388,"CD4+/CD45RA+/CD25-_Naive_T"
"cell28240",-4.58390387739798,-4.31773072811845,0.0202039934677122,-0.387032611749573,-1.38687840982705,-2.11301469064816,0.635760813508677,-0.390213986478619,-1.4085540456072,-0.0277066909947854,-1.56305191158577,2.96352726967916,-0.813906238589693,-0.335803673271382,-0.664070743735648,0.0495791414324605,-0.50788347448918,0.186532956253482,"CD4+/CD45RA+/CD25-_Naive_T"
"cell42485",-4.23345625910983,-1.92295905533776,0.428099597765333,0.665580380733561,-1.78718801160514,-3.47863430580448,-0.534694460967461,-5.28605151604986,-3.87970918683325,0.392113637784778,-1.91180567344138,0.511198383653593,3.07773328417712,-4.36304474010535,-4.09162175039496,2.93397293675537,5.23968894014193,0.771100315450219,"CD4+/CD45RA+/CD25-_Naive_T"
"cell6844",-3.79061399223798,-2.55828755342236,0.543019486672572,-0.296207593445448,-1.8183153611777,-2.18505134460674,1.27567286760575,0.702038732141658,-2.1217128361129,0.290371243534274,-1.19056244121307,0.464366572328512,-1.13868354601845,0.394229314586991,0.701617318689676,0.208668872972536,-1.18915810426991,-0.733351782095136,"CD4+/CD45RA+/CD25-_Naive_T"
"cell39322",-3.91324572860624,-4.15300317768129,1.44604054039222,-0.0986079990118451,-1.58233252720829,0.305608099024938,-0.58102004402395,-0.880111442670158,-0.219662572747673,1.41887983346545,0.505667139225188,-1.04644286375009,-2.08860967577152,-1.04853046601068,2.3198114966287,2.67545681361249,-2.26665764701792,0.573413967247518,"CD4+/CD45RA+/CD25-_Naive_T"
"cell35532",-3.00581731474334,-2.33273596740622,-0.0175621423093437,0.3206167112463,-0.171067838256082,0.262992401500495,5.85178595957363,-0.134097611442369,-3.0980161610803,1.55352121571524,-1.05157388923288,0.725862865130755,-0.129614663496759,-1.00959621790891,2.21639338715067,3.18345270615912,1.47318793259742,1.76419278007961,"CD4+/CD45RA+/CD25-_Naive_T"
"cell12005",-2.56735253641021,-4.79620342697478,0.46342568807316,-2.40124570579538,15.4025377860732,5.08302148254785,1.97496644739301,1.49123884397687,6.72352472055037,-2.05959991210756,7.94880759116619,-0.0792936396981303,2.73499903249598,-8.2046051267582,-3.88892405035876,5.50601621444347,6.19686503898412,8.22737193513577,"CD4+/CD45RO+_Memory"
"cell55673",-1.88082942169113,-2.90189446997184,2.5018442877278,-0.00273842485391546,8.41041777656721,1.15344653335832,-1.24838596553482,-0.557337224868289,2.42084368166843,-1.57278462394921,3.86638004217241,2.56120277771721,-0.902815563960789,-2.58510105855937,2.89482788174768,0.320686657845001,1.39585804887024,-2.82866281571709,"CD4+/CD45RO+_Memory"
"cell25429",-3.18412423114157,-2.3708720830245,1.9924552674597,-0.568527256813475,7.93171291713598,1.75316014695228,-2.30524336792953,-0.229634300319743,0.925558290908283,1.70269338092968,0.539926138679916,-0.51334869095795,0.667028660796817,0.24547673094163,0.671522128957909,-1.40042966639436,-1.82370796029336,0.172494374756777,"CD4+/CD45RO+_Memory"
"cell58551",-1.63616757008485,-2.18414747145749,2.87548338481769,3.35982715686236,8.97920442907506,3.7322774272673,-1.87340035749165,-0.513432298069171,1.44640748273925,0.176210340939641,3.62891945355622,2.24977554059762,-0.354101685058643,-1.13770809366785,2.88450319980638,1.46552119701774,3.56200461147096,2.97510797502359,"CD4+/CD45RO+_Memory"
"cell17767",-4.26266331559429,-3.72716410928691,-0.554349207951161,1.40701456571376,10.872355963674,2.98788248025055,0.643073762274231,-1.10088232320471,-1.00948189825304,-0.347609330298651,6.68975781812896,-4.07370622129949,-0.0892390017179079,1.30038508219177,-1.44220123919208,1.14022514838056,4.74046393836865,15.7017524149927,"CD4+/CD45RO+_Memory"
"cell53359",-1.78443213075029,-2.61108761393458,1.88390247921527,-1.22583135782732,14.6899192258798,6.75365489155791,-4.90147868279598,-3.6043818722732,2.55920385691501,-0.772543874295573,1.69057439889844,1.04993114942139,-1.68440759076436,1.73129820418855,1.30697135694451,8.11895069722455,-0.770867138650325,-4.41802975716408,"CD4+/CD45RO+_Memory"
"cell27434",-3.51474818950845,-3.39023422422752,1.88533545646897,-0.543334254756521,11.8617407626074,0.199172979895023,-4.50396431660389,2.78424180241746,-2.51646473467694,1.32549726347206,-1.48978122463989,3.08450710378634,-2.08063022375692,-4.0399696050418,-10.1691677623927,-24.0318007359896,-4.78695590940317,-0.0657493922116337,"CD4+/CD45RO+_Memory"
"cell3365",-3.00372429874978,-3.97251844213392,2.7873071747096,-1.02627675591135,11.3870491856114,1.96162439809561,-1.03894296715006,-2.89081212077181,0.0651397196580756,0.144381146163867,5.74587666151533,0.246491525250575,-3.77768403564361,0.0335871209624687,1.08124552468496,1.9308793300844,1.14483719165457,6.1657401826173,"CD4+/CD45RO+_Memory"
"cell46968",-3.44437942692811,-3.8083555236207,2.64031498073657,-1.00718037260863,6.86559980415075,1.38866931356837,0.428676886021256,-0.563433650478985,0.880215583610559,0.507833672016307,0.950164833804405,0.970841478391009,-0.704331170743254,-0.14966200099904,1.67314382795011,2.3524291503527,2.27270274787218,1.62243340812994,"CD4+/CD45RO+_Memory"
"cell61710",-2.87559197789488,-3.36888591440577,1.51802940052275,-1.19589811535541,8.298628454449,0.389677278974792,1.09207761045032,1.23708169619366,2.15901898477568,0.216280406590671,3.80772084873017,0.354843699714638,-2.63228532448384,-2.0823774182024,2.3638754839722,-1.45500769721185,2.17485101987358,-2.997048752183,"CD4+/CD45RO+_Memory"
"cell39161",-2.34413033693574,-1.16770946551861,3.46446339943894,-0.819666991163082,7.8138575786063,1.49739473235077,-3.29477320506273,0.865819224058626,-1.93496961638506,-3.81639952934944,0.172980214608784,-2.0351064558746,3.35920259230144,0.0694418052248518,3.27456925538709,-3.19496489413261,-8.82969936443877,-30.6382983411286,"CD4+/CD45RO+_Memory"
"cell47118",-4.3787305755058,-4.92867143462166,1.98835627638258,-1.79633139065639,9.58975926308719,5.46445376319323,0.855458400427411,2.60420486583124,3.37793677291151,-0.994475235430833,8.68725667507393,3.25242090003808,-4.21905639910949,-4.22464786231947,0.218999658652741,-7.39993253939882,1.16544587114498,3.42419803604314,"CD4+/CD45RO+_Memory"
"cell7106",-1.51082286566711,-4.52400015448183,2.17784735412206,3.26056634995998,12.6579524975244,11.5584193449993,-5.26819404372456,-19.3976769387184,20.3400573560977,3.40614459330435,-39.8509272466046,-10.8652033244188,0.64969268865247,5.2715991673058,13.5130621889901,-0.462528999630159,4.42256279075982,-0.487246254624581,"CD4+/CD45RO+_Memory"
"cell15236",-3.48656385453132,-4.76291161492833,3.29641538142398,-0.57249581932627,13.2522718187295,4.85950131283533,-3.22078370829733,-2.86659482122523,4.15356197257677,-0.314472419371492,5.29143870301294,0.25076388520285,1.63176428305294,-3.49503475128834,4.02963118054031,0.40324087783457,2.59037517863452,-0.612346027949079,"CD4+/CD45RO+_Memory"
"cell4216",-3.25735489365552,-2.5885220393705,2.80764474145943,0.60246778008513,13.4001509861155,4.28108024424303,-0.786311084975429,-0.247363941146071,0.373731534537988,-2.23161628041776,3.58621768339337,0.984896611326371,1.48679985643822,-0.146115957728543,-1.83201111964548,1.04816980246593,1.06327095449464,-0.265622999515176,"CD4+/CD45RO+_Memory"
"cell5972",-4.79237680742905,-4.16438878095145,1.98031867697633,-0.940452846202661,6.04511676964262,-0.167220798354725,-1.82881157124763,0.286584613870844,-1.36408796217446,5.2997429265571,5.20906975287755,1.9543332941157,-1.60664002669521,-1.47412886302276,3.45643214203347,-2.96849850031355,-0.283119310422368,4.32908319558381,"CD4+_T_Helper2"
"cell48540",-4.37823910116573,-3.18396273309726,2.38690781350175,0.0527189622684461,6.63227247373371,-0.982660234213889,-1.01946881763606,3.78386586891868,-4.29669224372139,-1.09860741631524,2.87546813980068,6.24811586248358,-4.88338156259239,5.8635550087068,5.88388456653207,10.5970764685309,0.874788118331089,2.30019459304809,"CD4+_T_Helper2"
"cell28927",-1.80961222162317,-1.9363298419605,4.75879013107389,-1.98096447088794,10.4630575517164,0.523884125481678,-0.677183760326784,-3.04506692870356,9.77725464774873,-7.53646194112839,-6.67937361433157,2.51131409354375,16.628175668544,-1.08930404192419,-37.4815169206459,-7.45928355477379,-5.57812311916148,-1.0450503312709,"CD4+_T_Helper2"
"cell62245",-3.4603654295306,-2.54579746602679,0.277647032336494,1.16014764871426,3.17656819491698,-1.37904289415363,0.0731562179564385,-0.664482707996489,-2.68145035047531,0.480191974029764,-2.07666772976718,-2.44728383868498,0.760608050206827,1.52048265451589,0.902663048785739,0.423209904342341,0.208447740113471,2.62205648386753,"CD4+_T_Helper2"
"cell58580",-2.97849927831397,-2.35784539704844,3.29192718432892,-1.98053760243284,11.2118219000258,1.35216661753907,-1.90682243354421,-0.043593833450034,5.04281487787676,-0.660710776251774,7.81560457094119,1.89709559721753,-0.763780702161151,1.45542694180333,-2.22264486242356,0.333682768602476,-4.4596240251167,-0.31743087825448,"CD4+_T_Helper2"
"cell63356",-3.2333767520805,-5.46841206334136,4.96459018120264,-0.143760298422975,10.4381473748041,0.802295003467299,3.16028882037297,2.1605972401803,0.368993288445398,-6.0829160194129,5.49220223273287,9.10264848127158,-0.750562420273717,2.83694527357502,8.51699140916983,9.86351137309013,-5.15199503053693,-10.1039266691806,"CD4+_T_Helper2"
"cell51291",-3.17561286332919,-3.79281050664,-0.405759419228514,-1.51169435483827,5.43285386964645,1.32130546221005,-0.417459061258862,1.91723179491094,0.963450717437934,-0.378417043013494,4.12879141597371,0.37260745711628,-2.23825940958266,2.32450197546522,2.38123266248771,0.599577073312357,1.88072032153478,-1.53464229492755,"CD4+_T_Helper2"
"cell24668",-1.83820884397248,-3.52011734794558,3.09736535553857,0.226734133831642,6.43914677495572,4.43515939886397,0.653828877562774,2.40347402816655,3.31055495367525,2.64010059086286,4.00489117435128,1.60625924413995,-4.21090583915625,0.0314800025800198,0.126866185746795,-4.33108677658154,0.61752967044216,-1.05892279116309,"CD4+_T_Helper2"
"cell53412",-3.14149591131384,-2.35427138434308,0.0881610354304206,0.515219629499106,3.98205544079083,3.85516958161706,0.538393642515556,3.16687131204513,2.19955935814223,1.38295797810973,7.43793125672956,-2.98364384397346,0.827783805370595,0.237511210595754,1.66574416689325,0.397861795811855,11.4395218383592,2.26750582795307,"CD4+_T_Helper2"
"cell7926",-2.59002396688095,-3.18015240446354,2.94024199210984,-0.623253423204803,7.57584002335185,1.8867697621925,0.0468109726538728,-0.0384142998434589,0.769753648719751,-1.27571862958397,2.16240281483074,-0.135710772685443,-0.626687075483174,-0.753746579469816,0.844211045707817,1.26936606090586,0.305776742686219,-1.05138745023001,"CD4+_T_Helper2"
"cell51691",-3.07796106938936,-4.26626586292704,-0.0383255764342674,0.783779647364898,1.41091458969517,-2.27680810794111,0.528743088937734,0.396370479519725,-2.48019591334751,1.06005814557886,0.135850864539037,-1.38723963055224,-0.261982824540689,-0.906197598732728,1.28065907488759,1.36274741029627,-1.68695681000615,2.07331573544267,"CD4+_T_Helper2"
"cell11088",-4.43359960489982,-4.30409534164547,0.063466073902623,0.680962592802503,-2.40329086288272,-1.46323805530838,3.36788324566625,0.80559610296176,-2.27396467898834,0.434744490180618,-0.968203836820366,0.674071971214782,2.21805930100761,-1.44660416218278,-4.55676899067978,-0.193030408849736,0.956626301363642,3.58942464791182,"CD4+_T_Helper2"
"cell59930",-2.33460129892485,-1.59313191439783,2.23009776812933,-1.64383508615835,7.68074183046298,3.24855517265552,3.0889437386273,0.0644921119624838,1.74839946806735,-0.449040196196711,3.67943107037335,1.67605386164946,-2.03268721189251,0.214695149671997,0.880636806671313,2.75877232072022,0.797966173743914,2.86526787521492,"CD4+_T_Helper2"
"cell49841",-4.60679363643406,-5.74714286768887,0.679789822135224,-0.133862985400997,2.94440899706903,-1.2500014393208,-0.105687729578951,1.21595828460318,-1.55372257340309,0.693515626330097,1.4846951234951,-1.63748902404208,-6.81308171308122,-2.07667326136654,4.70287484908818,-0.6293489370308,0.956538852545279,4.22497650159482,"CD4+_T_Helper2"
"cell6693",-4.52431964596116,-4.35617046044229,1.78463047791296,-0.228422106756763,-1.83850646500166,-2.05153037428473,1.44882070879544,-1.13069824133049,-2.18996116111959,2.34060515099625,-0.392503931347922,1.21454841768811,2.72460313950692,1.56519920982245,-2.39417250412909,-1.59332984385277,-0.101589580852574,0.362592530106146,"CD4+_T_Helper2"
"cell54156",-3.55354219050274,-4.10893726203134,0.597544315550217,-0.750995338453812,-0.990980973769708,-2.23234638034038,1.19125938664305,0.422377980931181,-4.83903456486603,0.325478932579501,-0.376429585237078,1.09820851796986,-2.49781377824747,2.62460395029975,0.0328826422810697,3.10102342138846,1.61867838945523,0.15230839894548,"CD8+/CD45RA+_Naive_Cytotoxic"
"cell14918",-2.75329265881539,-4.08515150584054,-1.19337106013741,-1.7554302910685,-2.08806064934713,-2.33479566110227,3.00738507764587,-1.51940437233908,-3.50801691312143,3.5007360882902,-0.574794931006958,0.260454973797766,2.11856476005433,0.754123667485031,0.0129631220917472,0.59424670927394,-1.9290937874923,0.861927486811509,"CD8+/CD45RA+_Naive_Cytotoxic"
"cell41211",-2.81676146998926,-4.34038644918144,2.02909657214191,0.760236018251284,-0.738067941550932,-1.33116948520977,1.82374977111893,1.89167242503001,-2.17548237692919,-1.30834803725129,-4.02173318797533,0.281554903183235,2.91229807443255,0.984979241058566,-0.321726694004375,-0.575243928337121,-0.893369460147946,-0.939726986606971,"CD8+/CD45RA+_Naive_Cytotoxic"
"cell32944",-3.87255631597055,-3.00949344638502,0.359940992940485,1.55301250516434,-2.12081668597309,-3.67021582352535,1.44081837834932,-0.511376165093102,-1.88787819287586,0.454399978689432,-0.407208348952204,-1.4481708243933,2.00802851130905,-0.0823306583623552,-1.20435625457576,0.708006617059211,-1.6337443155657,3.28665378946948,"CD8+/CD45RA+_Naive_Cytotoxic"
"cell26500",-2.92960040526203,-4.57632776603774,-0.355269813477157,0.288964713984254,-1.43708694262928,-2.82606810010556,1.383369206969,1.96109986699808,-2.0047430656968,1.9980218362199,-2.46555752356548,-1.18690541434184,3.11736630904235,0.718475784976991,-0.682239305707653,1.72601814700141,1.81165398054448,-0.802800435508933,"CD8+/CD45RA+_Naive_Cytotoxic"
"cell12689",-4.95351640253473,-4.0765168740777,-0.742397579158602,1.18954980299025,-3.40717955625201,-2.53462333060776,1.06118161013741,-0.443350944955753,-1.24955641101425,1.97605448854546,-2.03235579865215,-0.39091598811148,-0.510234333441236,-2.67943407166486,2.34923330510441,-2.62819840750706,6.49609513663072,0.249002387926746,"CD8+/CD45RA+_Naive_Cytotoxic"
"cell42072",-4.00068591171319,-4.97945506265072,-0.260381945118724,-0.184182104087316,-2.80905437244367,-2.50909528650097,0.831890044099868,-0.28108188237044,-3.48696280032261,2.16360432424579,0.462685471812602,2.98588033839083,1.9629710884664,-2.54605688737763,1.65944414448457,-0.48525233637759,2.00912449344618,-1.82672561239473,"CD8+/CD45RA+_Naive_Cytotoxic"
"cell36185",-4.29637349938702,-2.81844826154182,-0.823343777163001,0.361552590219215,-2.52697593198806,-2.57386046063543,2.13968911689721,0.516902647490545,-0.595712683791174,1.60212076377761,-1.17617103102227,-3.13159395832092,0.444308634295072,-1.21321691288531,-1.6446205907331,-0.145269044240763,2.75663659112547,2.09097891903547,"CD8+/CD45RA+_Naive_Cytotoxic"
"cell38356",-3.64666945304911,-5.40945119559967,0.553159469499139,-0.322215175830917,-1.67610675848304,-2.54356472007699,2.05675026534437,-0.0637300822866765,-1.64423889049369,0.100988128524156,-0.782650348371472,0.701295778667899,-0.881848727839968,0.0835156622672771,-0.105677203586962,-1.46219075703089,-1.09009215462532,0.374887395863898,"CD8+/CD45RA+_Naive_Cytotoxic"
"cell55072",-4.72992047449526,-3.22811519033336,-0.552566633616218,-0.247235356050444,-0.990010080558649,-3.26600262970503,0.650944727950633,0.229132708586761,-1.38063512698177,-0.42721106646174,-0.597171551821818,2.64088843354166,-0.182254091987948,-0.482389743175137,-0.56715700901939,4.03959490489835,0.437201068228127,-1.50363609373663,"CD8+/CD45RA+_Naive_Cytotoxic"
"cell44392",-4.91873328617749,-3.90103544237037,-1.54533598901709,0.359079295098203,-2.61224543268503,-2.37582842843296,1.60045031929873,0.28813698036375,-3.05737060659133,-0.0406013092586305,-2.55753926579764,0.480487495815767,0.188147903302413,1.19912904673175,0.273377064198094,-0.046588630722392,-0.722845992166822,-1.28419372164347,"CD8+/CD45RA+_Naive_Cytotoxic"
"cell56731",-5.32551438634794,-6.1007963785902,-0.649515816691973,-0.130377477335451,-7.52472381026159,-4.35633790626455,4.58938827678733,0.821423565593623,-3.29641120748614,0.232188407827768,-5.23244860630047,-0.585358223405197,3.75065067784891,0.699367115222937,-0.734025638390268,7.40652544332811,4.24547651162926,2.89824077823676,"CD8+/CD45RA+_Naive_Cytotoxic"
"cell43291",-3.31816810228075,-4.92951968525074,1.72290961494401,-0.227445111887539,0.480533516561878,-1.2904351073156,1.37207100169404,0.0285326063034197,-0.868350109008795,1.32496345479923,0.213705346585885,-2.84167128728384,-0.867650439206274,1.47621959654119,-0.0961694252325788,2.53279885397959,-0.488073702658448,0.589357763558898,"CD8+/CD45RA+_Naive_Cytotoxic"
"cell31083",-3.90422297435485,-3.19839651092139,0.429902100640392,1.00869390057936,-0.986176664407861,-2.54851385312015,-0.386183770009956,-2.6683504393374,-0.103682190130333,1.08015122675847,-2.54616281845544,-0.795764285784515,1.1439379855213,0.15326394221922,-0.412163959966465,0.271042194664064,-0.456413434343205,-1.25797467112743,"CD8+/CD45RA+_Naive_Cytotoxic"
"cell25867",-4.02411082119455,-4.66310618372392,0.960116206255813,0.416647429741465,-3.18852126743056,-1.41491900644165,2.09729947149993,1.0320566572186,-1.3630187505086,-0.968135048592467,-2.56782324240517,-0.536772355665177,0.418018620550681,0.00157084320544918,-0.165462969134768,-1.31872153259211,1.06525235481476,-0.777199110660531,"CD8+/CD45RA+_Naive_Cytotoxic"
"cell37268",-4.00764814644487,-5.08944902208152,-1.22251120713784,0.223033646617792,-4.26107418370972,-2.80051543002993,1.21696705682017,-1.42499701224581,-1.34275488626014,1.86601675480917,-0.555890883097823,2.89326115472446,2.82440660274887,-1.85771574501388,-4.03184666692305,-6.91421475446423,-2.13960639491717,1.29684648709019,"CD8+_Cytotoxic_T"
"cell68341",-4.09696388658066,3.91037959208952,0.175980324117783,-0.279965030352181,-1.15797838068337,-9.11574051638931,5.55658161208317,-7.09448120953454,-2.31127281624933,1.11262449590675,8.33649211241852,-12.8209459132224,-1.52142860468954,1.3820237546822,4.31999138632473,-24.9199302601669,33.0132207561291,-12.5382509928348,"CD8+_Cytotoxic_T"
"cell24774",-1.41891226148803,8.84350611942365,-1.7299259533669,-1.07332111053646,0.968310645349227,-0.889240334340814,0.21256174077145,-2.20454512226835,1.63802721616935,-1.35443019517087,0.882986608935564,-0.572662983481887,-0.834236139103965,1.97948109736486,-0.802042493819639,-1.81503526620997,-3.43825082235376,0.981495601454339,"CD8+_Cytotoxic_T"
"cell4770",-2.6613823634161,14.897564129605,-2.96898499213051,-0.257721153085932,1.37169860674504,-0.767369249582459,0.227707492891993,-5.38108007958861,-0.386660351496694,-4.11169959765156,3.29667939444082,2.39938342746678,-4.78584236290253,6.23435359290572,-1.359978288005,0.471775563080208,1.48598066733013,6.41932213548971,"CD8+_Cytotoxic_T"
"cell33677",-4.14078123887206,-3.64549324878833,-0.163796013128926,1.80878470479085,-2.91768573006023,-2.32719831464701,0.377511550305528,1.03117641832458,-2.43596554893655,0.289350830478679,0.237742045242825,-1.46000460885528,1.53353634776374,0.200555019090204,-0.333386690124552,2.85798692173269,-1.54277944907659,-2.84521956855881,"CD8+_Cytotoxic_T"
"cell56362",-3.13939918548163,9.10912401711457,-2.12113734711518,-0.760817250242068,-1.34207983903188,13.4287656584674,-9.49170875791436,6.98755082947818,-10.2250009780061,-1.24910039655256,-0.743984362901117,5.96817972314938,9.35388652407014,11.2977660356644,-5.09020034479299,11.6403582060426,14.0544411717546,-14.635461309188,"CD8+_Cytotoxic_T"
"cell16276",-0.218764086597253,8.0117068024682,-1.46895830229243,-0.170390166192645,-0.465860641225427,3.49614392168599,-1.97578845295855,-2.51942115308059,-1.82034532323596,-1.11225300917315,1.78005131272696,-0.456678498878456,-4.09431861338186,4.49684845549548,0.248971261381598,-1.61469546456303,-5.2424077058904,-1.33928523020633,"CD8+_Cytotoxic_T"
"cell11092",-2.2408552105313,8.82452411567162,-1.42122811243113,0.668855111140009,-2.24856671752865,1.24464732829032,-1.17535108338838,-1.38063066737382,-1.93529006625944,-1.91743173216962,2.11093198359691,-0.183328589885206,-2.3229831001917,5.490162487249,0.819476668994287,-0.637660291625959,-1.09551622236098,0.698549923549887,"CD8+_Cytotoxic_T"
"cell9972",-2.60970248895899,7.42875516611387,-1.05243000916952,0.275088656151448,-2.69100786242215,11.0798387837896,-2.53401349483439,5.04968360071192,-2.06117105301743,3.02542643240775,-0.620948793396495,0.00476260818781738,2.64105473735255,-3.01280621961356,-0.740853568290711,3.3830722854694,-0.142997276786472,-1.21511664802169,"CD8+_Cytotoxic_T"
"cell44966",-2.7429869456157,8.48725176211631,0.484054631750469,1.04588101132926,-2.94572656630627,14.1198038155862,-4.76480968751238,1.61918456949654,-8.27400984383759,4.82156600674097,1.79269755214971,-3.49764777326646,7.89818338395016,2.56543430014899,-0.735476375828937,-7.74924575251968,-2.25693145209824,-11.9766134793603,"CD8+_Cytotoxic_T"
"cell48870",-0.902492331102044,8.83011791606536,-0.198682993056492,-0.00596125592118492,1.24548830773045,2.16906756026763,0.025319098880952,-2.70861581188269,-0.839976580404771,-1.71526980103529,0.676114788935437,1.62107677759074,-3.0390702053249,3.61888655696131,-1.20268675869258,-2.32224446740339,-7.5639431098257,-0.180480429565452,"CD8+_Cytotoxic_T"
"cell21612",-0.227301989022059,8.42076193501127,-1.1849670180414,-1.82842628605006,-0.679491619598607,3.01576486194645,-0.536849721157351,-2.90124404907432,-1.16880933626976,-1.72612635719949,2.11907687394825,-0.216417699724817,-3.15494939210846,0.597017523571305,2.27389357040416,-0.989856990219407,-4.89379442603032,-1.61094383757556,"CD8+_Cytotoxic_T"
"cell48124",-1.82894891450091,10.7843976173784,-1.98397635340023,-0.787639580706861,-0.729798137257998,0.87747663128783,-4.9327581422239,-2.79715877122195,-3.55787282513565,-0.732809941895716,0.0203134761556265,0.500002306998117,-4.56297420591383,-1.29978424215322,0.607773153585105,-1.56871312607103,-2.4230428410348,2.18526738725991,"CD8+_Cytotoxic_T"
"cell55831",-2.91907181126461,9.32438988796335,-0.671653905399521,1.01843513420461,-1.85970794860761,11.1237164182547,-10.2469502355268,3.77426234446731,-8.51610525252597,1.48590170067275,0.537864054665022,-3.28485884273986,4.41756774399299,0.0276925496251717,2.3684806886899,2.38714872076068,-0.208644634239754,-4.34260570287057,"CD8+_Cytotoxic_T"
"cell12038",-2.75565476648502,13.0434513503932,-3.21400881781136,0.675378434456084,0.17984630887151,26.8358437619538,-16.537621592848,0.973125154471786,-26.2505205965535,4.82657596858293,-7.81518294192276,-7.92764829670208,-4.23281757054608,-15.6413829024064,-5.19040034481872,-1.18086386707807,3.72247144577332,12.0680270081016,"CD8+_Cytotoxic_T"
"cell18334",-3.19045419320667,-1.19255926391548,-2.90485356507612,0.112901354814887,-8.20442897082461,5.69932427992336,-0.297505866171741,1.7794942028095,4.9817099543067,-1.2261460470538,0.480695581228673,1.43818276181606,-0.377110847210616,1.44620743496969,-1.32739403205881,-3.86961886625613,-2.56393292544733,3.04844391458613,"CD14+_Monocyte"
"cell11716",-4.50436822593899,-0.509460068732034,-4.89587085830502,3.80666837407165,-11.6698769016821,11.4485064462204,-6.44092015971745,8.89012686738461,19.1092149871642,-1.74302477272847,6.69231991826699,1.25363467072614,-2.26489172702503,-1.58026205339545,1.78908976954804,2.7921526044618,7.71601824208127,2.71186889820163,"CD14+_Monocyte"
"cell39853",-4.92931479268898,-1.43159037523067,-1.14237215786019,0.607913747173792,-7.41681199373553,3.48592811412331,-1.24094155521789,2.4392890955887,0.743421187127973,0.657562133831057,2.80506968449128,1.27197656019298,-1.33640922588477,1.99035820034459,1.1259992729261,2.81947543538761,-2.93888318078795,1.48491620917647,"CD14+_Monocyte"
"cell16779",-1.66594585915598,2.20023392333984,-0.515157991002236,0.158793788335795,-3.95816727228459,6.0165597807642,-0.855386733376932,1.55293786114624,5.75513592084694,0.0546605999744156,-2.30525833973472,-3.53114428038181,-1.4358897480382,0.919817369116087,3.52791243773998,1.63906667591944,-4.63910471821099,0.321974104670364,"CD14+_Monocyte"
"cell27843",-3.95574638054249,-0.280446822691038,-4.53516351720913,0.569545818834646,-8.6307262251394,4.54359953778992,-0.0300450855743619,2.64170432781192,6.91811970021694,1.12923943944065,2.73933264406126,-1.90661314185574,-2.92641107191008,1.57035570677313,-0.359696295780845,-2.8806617118323,-0.626351661099203,2.83235282007457,"CD14+_Monocyte"
"cell8201",-4.45524245760453,0.475091123929651,-3.62196379884409,0.603969925973279,-8.46970839718652,6.01691006314876,-3.86789554482116,1.07878157794931,10.6105533144079,-0.346957394608336,-1.10812379626179,2.33932200242896,-0.00683988676578827,-1.67459613377932,0.439996227757015,0.406005717491614,-0.454062774049079,-0.0101253291525391,"CD14+_Monocyte"
"cell42753",-3.35398654887156,-0.862270928322683,-2.0855891932216,-0.0742954480854173,-4.42530217974632,1.1424735382591,2.73234533479572,-0.110179193236945,2.90520432707782,-1.08616370065132,0.306875954304465,0.851185620670109,0.545300478334454,-0.685434916853898,-1.60235078056258,0.852440069395484,-0.734111986080195,-0.875861299337499,"CD14+_Monocyte"
"cell4574",-3.24889845101538,-0.135693464699186,-2.03777871561227,-0.373462885611492,-5.40247498439914,2.81493353422536,-0.982799343282219,-0.382020564545921,5.31896994248848,-1.35926770345945,1.92801468055823,0.672376840183414,-0.316351625372679,-0.10965836396355,0.439188881290647,-0.22916195920807,-1.82033257867384,1.80476522394669,"CD14+_Monocyte"
"cell22096",-4.15120982576618,-0.0939701427165325,-1.99785330716566,2.14663950784768,-7.38896117558167,5.24120287607063,-0.392392371115298,1.8262657529442,7.50668810066301,0.704257488121131,3.98403295586389,1.02923188115577,0.204916784871312,-0.551573879154325,-2.02130448804058,-2.13170222030803,-3.93931301010864,-1.65096938339013,"CD14+_Monocyte"
"cell60662",-4.52359208542827,-2.21931634434126,-3.35183054229977,0.14672656275793,-12.3050949718155,5.13016130671333,-1.56313897636059,4.72790233890851,9.51957024657818,2.27427748494737,1.64138331946972,-0.196496200391678,0.00472240160397635,-1.30005315881062,-0.0465897389026049,-2.40582793806414,1.55065868967192,3.03628614172968,"CD14+_Monocyte"
"cell10694",-4.27402947373964,0.650609600877298,-2.06319058646401,-0.946376183142481,-9.9139216712029,5.27461331465975,-3.84122815415874,2.18245593005719,8.60473311392527,0.249035335317224,1.33418588448341,3.03759965385955,0.92654981661372,-1.16634694040046,0.0549206911208612,-1.0274180343781,-1.97422809390992,-0.230045043390316,"CD14+_Monocyte"
"cell23474",-2.71542131042141,1.15006198775059,-4.21358197426035,-1.89722192984467,-7.07716786681956,3.33449284229282,1.22460005574235,0.948687407146847,4.92090853866023,-0.321728114691153,3.51965189056484,-1.16424746511943,-1.8245979121656,-6.91739019287802,-1.87621933672123,-3.18625742446651,-3.49854556750894,0.321808938957899,"CD14+_Monocyte"
"cell35822",-3.78180101434203,0.577905425448064,-1.59075927509219,0.268348629813632,-5.83169925015293,2.77214289414951,1.57664126505877,1.14881144417876,5.0161997650968,-1.95017927851866,2.64648560160182,-3.25288008314766,1.51966083925037,1.23317154498759,-2.53687366125208,-1.63558975513511,-1.68782570532719,-0.883231912429989,"CD14+_Monocyte"
"cell63967",-3.94254900517082,2.01525784115898,-6.80612595586239,-0.0291400923950252,-7.60216293675176,4.97569425782671,-2.22534139690298,2.46834600552099,7.22724448218275,-2.09580898781351,1.47214139287668,-0.382241235155648,0.610141450584342,3.98507772684407,-0.00507077823199844,-0.68920797152628,0.0447990157966157,-1.62500646973013,"CD14+_Monocyte"
"cell5539",-3.52744473689061,0.0850396098733325,-2.30795352965779,-0.0348110608892614,-12.7844391664182,6.61436183064667,-3.9583777384324,3.76752493652344,19.2179855730551,-4.544643989659,4.73145372462079,0.0402151157380161,0.555312042800578,-0.25379172527275,2.39888330645696,-3.73365029144641,0.573825841739054,1.83599907475283,"CD14+_Monocyte"
"cell19907",-0.494357057992072,11.3240104898471,-3.23808143438566,0.345938680621916,1.60995444547448,-1.22758891152089,-1.21493582373375,-3.15146603177447,-1.45768148920849,-3.63363426284047,0.263031944274346,2.42239316083268,-5.0716132146034,3.99675667180884,0.238253775465972,-3.16844456033402,-3.93305458025699,1.03437772290661,"CD19+_B"
"cell12856",-2.73417212968222,28.0022590180248,-6.32893535210885,0.752944199574254,7.39556828286375,13.1769281765259,49.0936514714784,7.19894951667323,3.40291455651614,5.73483780872976,-5.24513656203917,1.500609737457,6.20975206488192,-10.3189810902427,1.03637459104907,3.08500363201995,0.910174213361947,-2.97525654088144,"CD19+_B"
"cell43711",-2.54234522918883,14.5063949391697,-1.46080529163984,0.0563357388243463,1.23957234854468,-1.29355195782619,-1.3352635917882,-0.572009805908823,0.883398522481982,-1.98987864231848,0.31359549520719,2.33359635677364,-5.68736145318984,2.78154396523788,2.21075290294805,-3.28698098435752,-2.64698118578872,-2.2427302908112,"CD19+_B"
"cell18055",-2.67895273492145,11.3007369648215,-1.68411886147047,-1.25630544618737,1.28711539961032,-1.89155250094352,-1.91327965590554,-3.50047112611406,-1.2390936071807,0.635662879380742,-2.39863731842278,-2.1537425158311,-3.19921693287293,5.50424735829972,4.63181717755439,-2.00512963502295,-0.62480076551085,1.07166631741177,"CD19+_B"
"cell29642",-2.28066328430157,16.9423465156756,-1.70614973637508,0.0443744639503084,1.83116505078999,-7.39672222622455,-4.87723253108674,-10.1096490594716,4.15345112599299,-11.0506581106163,1.48887267221034,7.33070885275957,8.36253993661361,19.7841791972791,-10.6163699493984,4.31024287574161,10.202191294425,4.16622668465347,"CD19+_B"
"cell8469",-3.87779947055994,14.3276702288916,-3.03961204887983,-0.548296551212623,0.675767494307439,-10.5001019174725,-2.23823834702037,1.92189043439065,3.37488974389463,0.973059540676246,-4.06360932991227,-4.8516993756975,-1.98307012590964,7.0298467061878,-4.90149898429261,6.28503465655338,8.54034189781284,4.44328416626599,"CD19+_B"
"cell47038",1.41612905618537,12.5955509867581,-1.0699740902077,0.742435483129926,3.52246279780428,-3.65817487283161,-0.947871874895197,-1.94064483709217,-0.336902734540714,-3.08051612725648,1.27926776920307,3.30388611091869,-5.96971811689282,6.29317560136105,2.6847375759014,-0.541206308199734,-5.1517511685322,0.571930759234176,"CD19+_B"
"cell4731",-0.690775868565069,11.1535767015687,-2.77191224320832,0.835319000487871,0.758851431821169,-4.26044639595578,1.57533183509906,-2.81823328614764,-0.353976642390996,-2.54788855692567,1.64640898645703,3.97775931570172,-4.68145303408279,7.30646733667697,0.871914023853577,-3.23864225067773,-3.70998234351679,2.55147883443607,"CD19+_B"
"cell23341",-3.02576841104121,9.3224621686743,-2.32494551356699,0.0305974293117809,-3.21133537869429,-7.29804992086856,7.02156483929399,-11.5518337921699,-7.24845168463294,5.96093761924856,-0.979619761555082,-2.98470591107812,0.322352396137307,1.28484241166284,-3.00860631908416,2.69978751436238,-1.80811137051498,6.16209602777563,"CD19+_B"
"cell11222",-2.82058005343645,8.18404478011374,-0.694101990827355,-0.94452813268375,0.278087531164632,-7.15204245400361,-3.30690293370089,-7.89075155105775,0.102918164635582,-1.98546484592149,3.49374186366878,-7.00980608985686,-2.1590935235459,1.27210727983716,7.56737893077169,-7.89765583771075,-8.29810798398927,1.53627811061394,"CD19+_B"
"cell25006",-4.07697804520584,10.4999732190153,0.409592901629471,-1.57449920483263,2.55588662428576,-11.6416528602815,-6.14874165803996,-4.44996357186329,4.30266721441866,6.60691860419045,17.0092691685387,-32.696648079771,26.5623668051797,-4.76971526140667,6.93626724963148,8.27997159662,-10.9084168301481,2.55007634273343,"CD19+_B"
"cell38847",-3.71767253073098,20.9071918508666,-2.42323639802124,2.00866420238038,14.3596347454382,-24.55972606091,-14.1370781211157,39.076129074021,7.7453198654731,16.0475054400402,-14.4485586258163,2.47385019860403,-1.5567430667187,-4.85630725920742,1.09707952082269,-1.588587388484,0.904537574481063,0.646170156550032,"CD19+_B"
"cell5925",-3.16738280522645,16.8210050974526,-3.571733406316,-2.51159238155451,-4.13029884935731,-14.3499104362872,-11.2126698026293,-21.921997450982,5.90063763521435,-5.21278356200908,0.0284314539282082,16.5107141405324,-1.41441263863348,-36.7660094678522,1.17200178029832,8.71433864657879,5.85175372103146,-8.20616919832138,"CD19+_B"
"cell34800",-1.8870985472399,12.4429363307332,-1.6155391784563,-0.0858234378654267,0.6403276795051,-1.06388961139212,1.93186324729936,-3.48330527091998,1.41800779668381,-3.34760910852419,2.06504020987232,3.30878512461061,-5.68990914221569,5.08726841075988,3.04891997337698,-3.11457032754323,-5.14989441690911,-0.00548088592795691,"CD19+_B"
"cell31283",-2.91346475007685,14.3132387599412,-2.04834786887205,-0.0873652647029462,-1.05761265349167,-2.99388081785419,0.166146355270892,-4.55676259404666,-2.51880406149311,-2.25530899001308,3.03182404115511,1.74124725589936,-4.93088462817379,3.59491126326584,-0.359096100154991,-0.640166319737867,-1.42634413765901,1.18606861045865,"CD19+_B"
"cell5307",-2.76400237308828,-3.07353694599687,0.601212819974427,-0.269576522389271,-1.57602835833663,-1.23814891080743,0.450176186347585,0.453906960936513,-1.66993803126639,0.764641769193682,2.02343342801829,-1.19200963497928,0.0390188807908743,1.8914339388665,0.880937683919254,2.43158542936134,-0.240497815356576,-0.448362978632713,"CD56+_NK"
"cell38859",-3.41500611427703,-4.13288996399852,0.10189323125998,0.0863263395587599,-4.7076723361851,-1.52105263744891,0.783945694528386,0.662435569258568,-4.3582127642915,0.457355281275838,-2.73093259855017,1.53621211970764,-2.61181852100064,2.68742603645862,-0.841954613244176,4.60147032471309,-1.13803162375249,-1.11316515417893,"CD56+_NK"
"cell23518",-3.69914567852636,-4.07625321335597,-0.649762888560048,-0.356227840943431,-3.64628642002065,-2.55197996586823,1.63714371219272,0.35332295155536,-2.60201834371403,-0.0430727477277844,-2.29066035204455,-1.20306232811297,-1.17857330989899,-1.23864972474109,-0.0479954651949778,0.280298423800233,-0.205808383886439,0.0708410359009959,"CD56+_NK"
"cell50341",-3.09001357144208,-3.46921687850926,0.756759956192214,0.0548378148552742,-2.07216088848441,-2.03835194621875,-0.575539263058116,0.312693691783216,-3.51498043769487,2.33995617892834,-0.729857692323828,0.697096971578843,-1.45672890038648,-2.84581045458342,0.054173951448969,1.91138486110914,-0.173228765049101,2.1000881738054,"CD56+_NK"
"cell64001",-3.2375201200348,-4.64638942622008,-1.07180155307447,0.653911951405743,-4.8799046408935,-0.478571901502514,1.86499535329773,2.06644767719132,-1.81274772646364,-0.790240666106406,-3.89791602753336,0.333562652024918,0.599368372509457,-2.41781964620194,-2.75647660371581,1.86092065133938,-0.591275270682186,-1.30401930910325,"CD56+_NK"
"cell47439",-2.71849988240687,-3.55023381789406,-0.898155637741026,0.857377015144469,-1.23441868179148,-2.67034331149062,0.573386122821534,0.312444537852534,-1.18496452787085,1.15309583991182,-2.14031277771776,0.58685915415862,0.668580652353731,1.67482764031974,-2.1894051519357,0.215030739955794,0.470158039670482,1.0355769950129,"CD56+_NK"
"cell61860",-3.85057548066006,-3.56461755730846,0.149054331910225,1.47412061750544,-1.3793410840797,-2.28301406814793,0.857632476638727,1.26017451345139,-0.000249456671598634,0.468603787125374,-1.12657756679291,1.38007424718085,-0.377714181305018,-1.25104336758894,-2.35344430929619,0.0898528245445967,-0.861832519760018,-1.66692562548659,"CD56+_NK"
"cell51057",-4.24730946766584,-4.24372564221795,-0.0302881996531082,0.262712281540242,-2.67558270085832,-1.4628959193086,1.42896275266982,0.39713056789569,-2.6001554198325,1.27904502653037,-0.91505793403688,1.96540628152864,-0.626124686485855,1.52578231847324,1.7382586531601,1.13361747014853,0.0678221374466803,0.941806573234736,"CD56+_NK"
"cell41175",-3.12299651523392,-3.66440976477245,0.740277531115872,-0.180761427444864,-0.186797975685119,-1.19135213361543,-1.48141399530838,0.748469673811472,-2.77691107672511,-0.408930727670953,-3.40188764512935,1.64111076692466,1.11541322435723,0.773841619066011,-0.213545560032228,-2.05480656079614,-3.3241719929487,0.826768856200575,"CD56+_NK"
"cell19947",-3.08990354705802,-1.66814859794249,0.192216117032618,-0.0683639246237492,-2.49064002538484,-1.06386530713078,0.990771228738462,0.600429654616786,-0.355902101795135,0.918107317613893,-3.80846037301392,0.586688275928709,1.30899343908502,0.966875821393607,-0.550776830113411,0.978050997747984,-0.60826073814369,-1.10551903876343,"CD56+_NK"
"cell65349",-2.72578026173804,-3.15939076803019,0.00253640980181786,-0.00704126549277465,-0.768708505596657,-2.07005443111979,1.58173833884972,-1.06061713730415,-0.426201945704436,-0.624003878741562,-2.58309201726347,-0.488288269219904,-0.466427797599165,1.12011401930611,2.31615665195713,1.03580211321626,1.2165140728488,-1.07054720839523,"CD56+_NK"
"cell56098",-3.55293653512009,-2.39594204973358,-0.207648745416002,-0.134839165900011,-3.41816687458719,-1.35800939002326,-0.379212679048912,-0.610275022019961,-2.45169893332332,0.418354938929532,-1.24149530001302,1.33280003330019,0.917794540915532,0.64583480485513,0.184731020235243,0.0540929650238675,0.761832315430937,0.00274500555116893,"CD56+_NK"
"cell59528",-1.83491103877729,-3.68085198374379,-0.0555705076364884,-0.271224516494017,-1.91598194138208,-2.3878957256135,-0.261674872250587,-1.26539849290589,-3.54520471260742,0.360004370223136,-1.32010007261034,-1.61008383301498,0.650840137679829,0.00558482561383291,-1.25091232126341,-0.961598608529005,-3.53849420995329,-3.05981064803314,"CD56+_NK"
"cell42905",-3.53662881476663,-1.44563444493776,0.123782379766859,-0.431358090863226,-2.02781008307016,-2.46591978048836,-0.038304396462195,0.832995959541559,-0.76148052182722,0.757899150360247,-1.42274056698977,1.57164863430271,-0.142145319970572,1.03587513068211,-0.0249652080039392,0.247823638722144,0.0815247212140407,-0.621244001033589,"CD56+_NK"
"cell6679",-2.93822669450688,-3.05354992392107,1.0412834667527,-0.904691195499714,-0.122467234263268,-1.17335038497346,0.387456299490483,-1.0352938654486,-0.171263909066573,0.731419439508523,-1.5323985161499,0.163345618512395,-0.413305504516663,0.663889351948117,-2.23109106856646,-3.70338720600369,0.651537268805771,-0.347294037935209,"CD56+_NK"
"cell45569",3.40209208175945,-2.39680315189897,2.91535271777566,-0.887314315352456,-2.85816435266488,-1.52798994086067,-0.289143306890143,0.0067551381902928,-1.45932477136437,-1.07673796347863,-2.27994723389291,-2.13729904026053,-1.32265298269267,-0.217643700396647,2.19686163483034,-0.459311154206777,-2.73999397340962,-1.25665229430011,"Dendritic"
"cell34725",51.0469980458817,-2.52705697313852,-1.59055141380771,2.38086686554555,0.268293790140165,1.6937408632487,-1.26292024860285,-15.437883147855,3.56902422720667,38.9470472179597,4.75140137114366,13.4430989240251,1.45592652226071,5.40142844653124,-1.56702898745022,-5.48421847153918,-6.55075128855139,-0.2835782270771,"Dendritic"
"cell51368",-1.52713467334905,0.849231293799864,-0.229975416664555,0.374885827167839,-1.66533072025621,1.19194015235545,0.569683892284499,0.375373678067005,-1.30749130790345,1.44604307792691,-0.234061532774721,0.765732513362024,0.651600394544168,1.25010516920429,-0.804379359302791,-0.945454679855886,-1.36380901618244,-0.691391604669144,"Dendritic"
"cell24172",27.7013813658177,0.911641379363055,14.9043358865282,-8.14537417781866,-2.1122752677136,-2.41599025813839,2.15320293340368,4.17902974568573,-1.99872412072631,-17.7820387377209,-3.34013091150415,-7.79046607432479,-9.90878054637096,-3.7361601692939,-0.685370455469082,-0.732782790177278,-4.23927785367721,-4.57847856985869,"Dendritic"
"cell22236",25.0821085941917,0.665511863750114,13.8479765080165,-5.77326801162756,-0.132238059653522,-0.171605093275726,1.35440153173872,2.60261137975582,-1.17652796284461,-14.3913281066487,-5.83138758045605,-3.28934791803366,-3.69987725935879,-3.55458470883012,-2.79263515412086,1.78764953912551,-1.5341541079261,4.28643624025228,"Dendritic"
"cell58355",32.9701288729444,4.9473096332837,11.1334286057872,-4.31071167883115,-3.9259620463849,-0.199198250835268,-1.24078256231381,3.72655753000148,1.0315979377505,-8.66235167837761,0.301874181734028,1.58778070794705,4.996271737752,-2.42339301919768,9.17594125429196,-5.82956508638786,-5.10923137186287,5.26292968150094,"Dendritic"
"cell9428",46.4554050962352,1.48718040854498,3.02688202861909,4.79107731222143,-1.44508877213438,-2.5824087364908,-1.00674973979451,-1.01852381524655,1.65722736873799,3.09551977502337,3.97700597003884,0.648096231890621,-10.8115915490187,2.77452618023321,-7.22966194428669,6.65839528325825,8.93273251129939,1.59640280397866,"Dendritic"
"cell28624",38.7118467208525,1.67678709685462,13.5925259050843,-7.33903398232687,-3.96966158397805,1.22948928340078,0.196688977937433,-0.271576687717733,6.94462357080347,12.1064025372178,3.21450141789601,-15.6058977825562,-14.0015633737554,-0.0935444849129046,-15.280326486101,17.4363882327244,4.01272820366715,-11.4193359970532,"Dendritic"
"cell60046",38.5823554616719,2.39385797187595,11.9767858615538,-11.2365778348702,-4.04017205573151,1.96933181298375,-2.95487040858455,4.07146434975554,-3.27347618639235,-1.42418375347208,0.137027452356304,20.2622842126867,26.7543566481222,1.91474610127895,14.7127357826811,-2.85027388714519,6.58107828656888,4.0437867164094,"Dendritic"
"cell29618",15.5182298975622,-5.86436167048759,2.45557900501112,2.70259543072615,-5.04806644175668,-2.28900742917359,0.720194092674333,5.67742946373912,-0.720150532188232,0.1474669666362,3.46209619126437,-4.13047085643083,-6.64378084847921,-3.61825753723744,1.03334468651349,-5.58241659438917,2.62945557379472,-5.01134400918049,"Dendritic"
"cell63511",26.6858477632699,1.63748835095157,16.1510630395594,-10.9369040919884,-3.01646689404853,-1.55867517362227,1.13309954217552,2.31144765367034,-0.172118943518564,-7.22109174847128,-6.4782457846534,-4.00626083440841,7.97467959339742,0.343779213341266,4.49192637416723,-2.30692027680774,4.23676912309584,8.23862858515015,"Dendritic"
"cell44770",38.9198268721546,-1.60951193571683,-4.79856645227304,60.8364222411793,2.95449007054633,-1.75145136215593,0.476125176079895,1.61230398408175,-2.16518844838447,-10.9133727749613,0.765415338721551,-1.80164729859392,5.07907045392047,-3.09389839338575,1.22244913523264,0.0985189558008953,-0.881147667239595,-0.180497894413011,"Dendritic"
"cell8869",49.7865398728313,-13.1364189532586,-59.7520100116189,-17.9279093989012,9.99165206323712,-1.98622096050421,-0.926205694370121,2.62428776536676,-2.74501024455315,-10.1567173730413,-2.29223616021987,-4.51134437162364,1.96834514879285,-0.608176115071185,0.908723396177333,0.71533647246963,-0.317847988674013,-1.85646855066323,"Dendritic"
"cell28647",-0.159319830265894,1.81553935822766,-2.89195576280778,3.39414101277686,-0.213812200792981,2.17993189953731,-1.15356036422067,-1.69752317862023,-2.67076349198133,-0.892018080771483,-3.35367940515372,-0.133147325210877,-1.15963780994394,-1.71337617981776,0.548057539194729,-0.296840099145252,-0.329772705670515,-0.00712363129731876,"Dendritic"
"cell33804",40.3563479919971,2.41209665512303,9.9639221164523,-7.94101692449089,-2.09311401164165,3.3010558133076,4.42503583102231,3.94864174954144,-2.29016243686503,-2.80175216570277,-1.0789344375377,-4.39563888741166,-3.8160105867217,-2.3254663324192,-0.673069843274374,-6.51201553461753,-2.29873299291758,2.33656399853725,"Dendritic"
