"","PC1","PC2","PC3","PC4","PC5","PC6","PC7","PC8","PC9","PC10","PC11","PC12","PC13","PC14","PC15","PC16","PC17","PC18","phenoid"
"cell3365",2.83521676490215,-0.855078706776192,0.00515568843785141,-1.13303174882966,0.948744873956119,-1.7042848270546,1.50175194911427,-1.50475225541777,1.76899421656362,-0.0511583699980315,-5.30596893973797,-4.01833621253118,0.627545532898853,-9.11171389936236,6.43134013955024,-10.8528761571141,10.1159780759027,-4.42225037395421,"CD4+/CD45RO+_Memory"
"cell4216",4.52132494516724,-1.32689906347472,-1.35629576595729,5.94796025597267,-0.627326266824891,-0.374228029059535,3.57003207458088,1.56240192693362,3.15377969387199,1.43634695923162,1.97819766924815,-4.17940118291985,7.5162251497691,-2.41206611909367,9.09153074816203,-9.69278934306484,15.5450472950099,1.39632144491504,"CD4+/CD45RO+_Memory"
"cell4574",4.38750201044335,-2.44333416634466,-1.3011728665202,-1.8742035486646,2.33619490296905,1.51373646835023,-2.11410633779863,2.36169958509549,1.29154388958003,0.184617541338835,-0.38842635854578,3.62291175820129,0.677654254510068,-0.929306322826352,-2.3377949781734,9.57830597892899,-5.1553042335549,-4.18548000807953,"CD14+_Monocyte"
"cell4731",3.59492248193916,15.2660397135221,16.4470501419274,-20.7187065491015,-4.1291278645003,-10.4878870082135,-3.66547756698487,-0.350062948860403,-3.21308795866461,12.2930421069856,8.31171014751572,4.14390705905072,-6.17418400007259,2.24804116656179,2.94385882080602,-5.35483656192154,2.85563745692348,-0.517348822061329,"CD19+_B"
"cell4770",0.055863490429881,-3.62397004495531,3.11424621009334,-9.34516136662005,9.92677337434445,2.28211850462118,-3.93061328550799,-1.81782087679623,-0.288468601050129,0.39340115740127,2.87387468756011,0.0208696877481136,-0.560001869539261,-0.423214401274105,-0.411313270652335,2.10445843863106,-1.95216214748818,3.35542243918299,"CD8+_Cytotoxic_T"
"cell5307",6.90256953357005,-0.635108563902064,-2.18093049978991,4.04072683498398,-7.09769988921819,-4.58028254325814,-0.556106158640874,-0.237858494961217,2.34412425980854,2.08625991263073,0.578388763030298,-3.71576849144577,4.27096068527263,1.27717099138807,2.70317951571783,1.91374774103298,-3.04446819431309,-1.12358550970253,"CD56+_NK"
"cell5539",3.51910755484231,-3.9639262777018,-0.035942584921553,-0.81620496271217,3.766100619694,5.341371060077,0.250038745852168,7.98975149967844,1.85265459204368,0.143367553036156,-1.53671839012869,1.92895332770846,-10.7136389787967,0.9568898117431,-2.43079736975068,11.5204467692473,-3.89827295070014,-11.925461524276,"CD14+_Monocyte"
"cell5581",5.39438551754763,-1.5468839780171,-2.08958950576897,3.1353057751351,-6.22957868236162,-7.3450699577889,4.14215867796106,0.245327028939663,0.863545636518321,1.49285042398252,-3.34112197586066,2.13783700050848,-2.63095477962922,-1.83985374642545,0.732213581621069,-3.02878139037268,-0.294044548057668,-1.84746787301705,"CD4+/CD45RA+/CD25-_Naive_T"
"cell5925",-1.08272781737218,-6.50279320553362,2.18760911046978,-9.8677277584666,9.56415656578316,4.25132327199041,-4.6929303801523,-0.362645799768754,-0.932444897605608,0.835656901034141,3.23006180229688,-0.611699444987969,-1.63295318244957,-0.585800247390017,0.0946526931029091,1.84328360709038,-1.76658960141338,3.24001774031748,"CD19+_B"
"cell5972",3.20099254028369,-6.37958864528268,-0.960829525486923,-1.35924218329955,1.70754995562532,-1.83047129089232,-1.04986465098761,0.588230476192999,1.76065106747016,2.60972859650924,-0.130209670679018,-1.70395598250555,1.54004828214623,-3.14329378147846,1.62252927805047,-4.8730860134956,2.82932557728675,0.716164256124723,"CD4+_T_Helper2"
"cell6063",6.64918897385779,-1.14817496241632,0.454876276111073,5.60327492632802,-9.00657554466166,-7.98074217841538,1.59709705964,0.138674527577814,1.00040885343591,-0.126196476571664,4.83754945845521,1.03206372829178,-3.76253334335654,7.60441782773955,0.891896713592347,2.56085039167385,-0.379367789544576,4.50057887754333,"CD4+/CD25_T_Reg"
"cell6679",4.89368016416757,-4.58933310882188,-1.37514349331619,1.48602567990007,-2.0837561104473,-0.487237508336603,1.60323721096694,-2.58033553967067,0.857624789074984,2.20125308640874,-2.67286119310157,-3.90986979495878,3.60120814584863,-0.756592455423905,-0.61684589420976,2.29293023362316,-0.573841555630115,2.91415771848494,"CD56+_NK"
"cell6693",3.6701593037357,-6.78798137335622,-2.2428693668394,0.812388070561409,1.57155363574426,-3.23619795100828,0.972832864054527,-0.876084119226202,0.36277065398943,-0.244423225806523,-0.199209157032397,0.904553624275787,-1.69674216233732,-0.222558050492131,0.413979358707322,-0.411752188909016,-0.477914751519092,-0.328882192407541,"CD4+_T_Helper2"
"cell6844",8.99391707764363,3.62851311186285,-4.16775652545596,13.2869837594311,-12.059462948008,-11.2692596656293,4.77173807012632,1.38021615821732,-1.02824382518054,-1.52375122753473,4.05099866267321,-1.02263228772294,13.7230942944244,2.1240103284716,-1.81920188494731,-0.586005852978889,2.51099129456661,-2.34262751967516,"CD4+/CD45RA+/CD25-_Naive_T"
"cell7106",-0.247561935353369,-6.76446298748348,-0.665985289135752,-0.417638588740631,2.8226406982271,0.155488510267862,-0.338092601776011,3.79785671146386,1.01975472792651,0.134893838172374,-3.39808573610779,-1.70643069127056,-1.63809282484616,-0.908397869877597,-0.240833019083882,-6.51272957152494,2.87898222474401,1.39684860862805,"CD4+/CD45RO+_Memory"
"cell7491",6.67979214677466,-4.52393756560508,-3.85922007658574,1.44807240246735,-4.8881014880281,-4.3883960109594,2.23517351256805,-1.68226718332679,-0.427987379610125,-1.82983085563144,-3.20527232548271,1.44680410498044,0.257539105023153,7.65555313176132,1.24027404499347,-0.997701599817705,-1.77192651836169,1.4789732114083,"CD4+/CD25_T_Reg"
"cell7926",2.3151995239636,-4.90099576399891,-0.511015236905009,-1.29489996266034,-1.60433775656887,-1.70675967177094,0.658722169635121,-0.310812613972284,0.527934661717651,1.43995601460663,-3.27501332982833,-1.62987071743025,4.33535545978731,-3.43513932185236,-3.0048865221185,-5.10977621082187,4.17619240666113,1.21412122875429,"CD4+_T_Helper2"
"cell8201",3.83425147633381,-6.69781612543294,0.112005458682952,-2.60940049215999,5.58921192221495,1.19117245893542,-2.10945669957652,1.8039601921831,-1.74107365473201,-1.41366886671516,-1.30968760278103,2.68647029248301,-3.64071540399722,0.712038529732364,-3.96143785515993,6.23607992355128,-3.87914951271065,-3.21286608009209,"CD14+_Monocyte"
"cell8469",0.817195024762887,-7.96044912630376,1.690383971983,-8.77190366085937,10.1233256179925,2.5340242157479,-3.04910013404221,-0.295500775551461,-1.21037490071378,-0.472930693048154,1.98107638849076,0.0825876177082673,-1.80837435646156,1.1232649842107,1.51842605562689,2.38463483991449,-2.58159213806866,4.43564373026508,"CD19+_B"
"cell8869",-55.3347102177306,3.61311572560209,-2.10452736437633,0.0995035266981794,-0.686279875617444,0.58069201242397,-5.12235355241882,-4.46871566825012,-0.690520419363086,3.55553718672586,0.671198187338915,-2.36177508966569,-4.67540942358996,2.92197393160977,8.51127897421038,9.06838871672135,-2.74853365204905,-3.13403063381732,"Dendritic"
"cell9428",-72.2256591453959,17.2471218931455,-2.61954671698889,10.8619065629041,-13.1324530201107,-3.67337988983692,2.74756831055684,0.753376356633374,1.07454794130212,-0.688776681751448,2.25981122985841,5.12605789222799,1.39839202383637,2.03475816034271,-3.54175598815376,-0.73904942713434,4.74049082397141,-6.11740421033526,"Dendritic"
"cell9972",4.89845975778341,4.10454344214904,3.6549781006195,-0.0720437992037893,14.0018995702768,16.778137074116,-0.81173662958004,-1.33359880979438,-3.58122626818727,4.10882038916515,3.22245562467307,1.68017479462763,-0.180967067015648,0.633985985812925,-9.81414389955232,12.9399771823506,-2.59814115524241,5.31964090775822,"CD8+_Cytotoxic_T"
"cell9979",7.07959131648116,-1.68810902506265,-4.99081091167499,5.83093770450555,-7.40362963304058,-5.63204501320209,3.0933999706458,-4.65001082914498,1.30826000314351,3.49101085154752,-3.32591350891589,-4.48174719416283,2.93855595900697,5.59931263808986,2.90578951801061,-10.1066420383511,6.71048209827548,-2.80440504778719,"CD4+/CD45RA+/CD25-_Naive_T"
"cell10381",5.41094455299659,-5.18974046359706,-1.88687164166258,2.57349176268115,1.68319543035117,-4.74584510246741,-1.13692827764649,-2.27778347245419,-1.47696258614899,-1.44169740324554,1.89319648514655,1.137526700882,-2.91044376562526,3.69096662233588,3.06089356101087,5.77916750626588,-9.56457686874552,1.57916069278093,"CD4+/CD25_T_Reg"
"cell10694",4.35913956493043,-4.74492901943864,-1.28579116237863,-0.175535778139951,5.69967123383777,3.34078930784776,-1.45980638413654,5.10298627247838,1.3033368103512,0.472875331805428,3.43997111348367,4.19819835031776,-7.11530774785348,-1.48899246869475,-0.157128680040764,9.03397614613821,-1.00551753093313,-3.48724915627978,"CD14+_Monocyte"
"cell11088",2.77187700318931,-9.40347479148401,-2.02650714279111,-0.8464489142243,4.67726805850905,-0.602362387197281,0.718958941561534,-0.831591577268711,-0.194696933150627,0.709160838698733,-0.290523396932054,0.714138004842134,1.17244818977417,1.00778482105017,0.381546455814598,-0.30172084678549,-3.43683495358969,0.900902234047943,"CD4+_T_Helper2"
"cell11092",7.15978453000146,17.7343931634739,6.77483105181291,-6.89959333087397,8.2331466445059,3.80181872250617,-5.18706880397133,-5.58597393202836,-3.87911363074965,-6.31224098339551,-0.52540320570863,-9.78294273843792,-3.3862724785858,5.53087205346472,-5.15660005840291,11.0605533673838,-1.38633776160877,-7.41496738752883,"CD8+_Cytotoxic_T"
"cell11222",-0.557956779941881,-5.44794233295737,1.04037370823371,-8.65150384849105,8.54137628839023,2.37987784712017,-1.65600314804492,-2.2448957929413,-0.423513822678695,0.333904076004258,0.2680025912119,-0.403498549957719,-1.01340415111678,0.0864672500956388,2.27254945492433,2.25454891762013,-2.04760210945649,3.92536452923664,"CD19+_B"
"cell11716",2.98580821945651,-7.10208721468277,-1.33858037488506,-3.275732157056,7.36233331395175,3.73570540326942,-0.762303879610498,4.02967506685759,-1.135703757967,-0.499812799235994,-1.89479762476712,3.33098612543066,-4.62367486654198,0.769342647522875,-1.23204934430555,5.05299716869335,-1.79661195751037,-3.86996511681585,"CD14+_Monocyte"
"cell12005",2.51205336136989,-3.72289960230888,-0.0371057773816489,-0.681763344283442,0.810194491683502,-2.91671914036614,-0.932071107720971,-0.140617158156519,2.62109840226126,-4.14049381457241,-3.10168449790872,-4.26338336517925,1.45120367306416,-4.70972794765665,6.34207087703367,-14.2738988582858,9.03843658455722,-4.66155649038077,"CD4+/CD45RO+_Memory"
"cell12038",1.08478191851906,-3.63701710863829,2.41369001036785,-7.29937155167361,9.93288870880217,9.17990847112998,-5.20149404770426,-0.239218437233418,-4.33900926334396,1.01328412658678,4.75033883132047,-1.75300196760132,-0.988665374512925,0.252918379536773,-0.0346914227173003,0.367478407546047,-2.17938664770955,5.73328056296191,"CD8+_Cytotoxic_T"
"cell12636",4.3422852508989,-2.56013206775704,-0.41209366894657,1.9411891382777,-3.94900387535081,-2.25095352679905,1.92939189071467,-2.42647695058398,-0.77371467383346,-4.59633619019752,-3.91586306164477,2.57510356223199,-0.1804264761713,-0.147104708859846,1.97223728441142,-0.19480019646126,2.50063417716252,-1.3430672102223,"CD4+/CD45RA+/CD25-_Naive_T"
"cell12689",4.2854375602719,-7.71049492006541,-1.80673241918938,-1.70221697699323,1.08843657879635,-1.88299979868858,0.0021037327553658,-0.88202321341123,-0.923522675988163,1.01813121049393,-0.128086312223478,-0.953326838763408,0.35612344743723,2.89553221350796,0.275505615414239,-0.762432264294449,-2.34587431370252,-0.913828146702788,"CD8+/CD45RA+_Naive_Cytotoxic"
"cell12856",-0.42187507675776,-3.67943754728489,3.85099133118449,-11.2830419788705,12.0218511865362,3.5931396515922,-4.15412839326375,0.690762382393534,1.03435749023578,-0.212509408250076,2.8077454353709,-0.158758001420103,-0.0797085194205715,-2.58225516752206,0.489828574348546,4.2969037832005,-3.22013712179108,4.11178929167891,"CD19+_B"
"cell13591",5.31765838864292,-6.58831622184331,-2.53313433531394,0.103415675304815,0.90100572649904,-2.50647030397779,0.136622713955857,-4.70396918684567,-2.21722039590585,-2.90423965701903,0.0411522974062442,-0.189869798941132,-2.39424306683418,1.61378003133538,-0.808122923455106,1.55098111205888,-1.30532922668004,-3.1139881227534,"CD4+/CD25_T_Reg"
"cell14405",5.40735858458925,-1.83995208886898,-1.31477336888123,6.81898671312958,-8.15796598324564,-2.16377707845182,1.88492827805825,-3.04701252946599,-1.13664558618809,1.50307585881431,0.776720506189368,0.226034217702019,0.829097733627217,3.15710502122597,-0.401149597864753,-6.25794905681292,1.813662876441,0.941101209932153,"CD4+/CD45RA+/CD25-_Naive_T"
"cell14918",3.83588963490714,-6.71964187213519,-0.375338444691988,0.947086554652766,-0.189102525011749,-3.80909842781262,-2.92269255855006,-3.95262760805721,-2.07202309889029,-0.351911351950098,0.0163471344087991,0.778512386199982,2.0412941774246,3.73581962288917,1.05984812698621,0.515385314170248,-0.19451360316605,0.46838552376957,"CD8+/CD45RA+_Naive_Cytotoxic"
"cell15236",4.18093560185258,-4.00263427547196,1.03632681495293,0.317588694315455,2.60657325883918,0.247284283320541,2.86581912772737,-2.98160743964438,0.752965352173798,-4.90853846514752,-6.65006366806823,-3.74566331544252,4.99950677937201,-8.35936026226971,2.56374871752223,-11.1080198460451,6.98339297859634,-2.30869453255396,"CD4+/CD45RO+_Memory"
"cell15833",3.83582989411995,-6.73727619210543,-2.71046190316479,3.84767375445422,-1.36472797309018,-1.51944620751866,2.0369289109906,-3.32695460023622,-0.879526588687838,1.66020247489833,0.382780306216502,-1.53471795900119,6.46197946219608,3.19161588440754,-2.41202607370338,1.47262666211118,-2.62934837044383,2.67166264347416,"CD4+/CD25_T_Reg"
"cell16276",7.91453552816083,41.6313027990706,18.3497329652081,-3.04650427173149,-13.2759094844775,39.2745313256793,41.8300814822644,-10.4076817384984,-34.0711682499771,-56.2459666617709,-48.1903794093385,9.41307384303281,-16.2796052608745,-9.42718627843301,19.4220813301726,-1.75574119020368,-6.09244400457355,11.9141760086831,"CD8+_Cytotoxic_T"
"cell16779",4.60236506594164,15.0234903043037,1.10533938925317,14.7489933971761,-1.00777223632541,24.7249486409672,13.3549321962138,97.255216151134,16.2945940002608,22.6977003642155,-17.4439384324303,4.49408000724517,-12.9224946727736,16.402517567206,-8.02385137689166,-15.0594029557032,2.53487021405796,10.934935370282,"CD14+_Monocyte"
"cell17767",1.83437498396533,-2.51029570512493,-0.215892028275652,-0.188711613890572,3.74057292633766,-1.98682097030571,-1.96140701106663,0.0873546309206078,1.89644558558468,-0.951206974275365,-3.49533936028612,-4.12285297506256,0.536083553479846,0.815828879295287,1.12311675117298,-6.34940555684842,8.52439534840504,3.98909453205011,"CD4+/CD45RO+_Memory"
"cell18055",2.11301169677148,4.46232739236864,5.87210637336002,-11.1188002651778,8.91524069999017,3.44731685667849,-2.33892678749335,-2.80591684117985,-3.70694578160583,-0.540065112793984,4.12794423565872,2.82452841813803,-4.85237341582838,2.24956549456184,2.21639661720361,5.33383779137856,1.32676535538141,12.3099145756414,"CD19+_B"
"cell18334",3.54943443246399,-3.08099823167323,-1.46635803455215,-0.325591416653241,4.41562695864695,5.71089675906581,3.32175373180799,7.31873413081446,-1.85507646062432,-0.151481027772148,0.46620372559347,4.53709921403352,-9.04318359550117,7.40167881138528,-1.24491279799767,14.3914857872775,-4.94403999331923,-7.4171276310266,"CD14+_Monocyte"
"cell19648",2.75729790135533,-3.55681048999292,-0.555091884508719,2.27539267258209,-0.282296411246253,-3.1846907931906,2.93202436469435,-1.01848907508086,0.780262022186227,2.65686214697369,-2.26562107024927,0.0700845866758717,3.70844727286282,-0.0160372267495644,0.973069573083854,4.14606688888587,4.32231047757814,2.6062555468047,"CD4+/CD45RA+/CD25-_Naive_T"
"cell19907",5.20686676886781,30.9605630536516,31.4696073811654,-33.1099284635325,-14.3963059012945,-31.2669038814791,-4.39233286327824,-4.45074495926238,-38.2261725345159,61.4911019924178,-18.8968540723048,35.0825479691811,-6.69136293918124,11.4711152435623,37.0021905108617,-4.5918123926894,-4.19529503323576,-3.54063770681171,"CD19+_B"
"cell19947",3.82196074901599,-4.22402380146542,-2.39901580914389,0.399263391233593,-0.230424568739506,1.07741149575504,-1.12825265782586,-0.836072774407664,0.884527136146852,1.13298584147695,1.44460566000682,-0.352898882395066,2.01356334224081,3.62454421716751,-2.31772514135671,0.776630823465917,-4.03523210001222,1.88630996063056,"CD56+_NK"
"cell21483",9.08389706550792,7.78658444406396,1.44222741616775,21.4201374777864,-40.3383645879099,-13.3003615670353,23.0066674900459,19.3533684465144,1.27499409206335,8.27183529595925,31.9433182186076,0.710964069808886,11.8404852649354,-67.7971913259655,22.2608303862529,42.4171878342685,-8.29964153995314,22.1747151791048,"CD4+/CD45RA+/CD25-_Naive_T"
"cell21612",10.3048562326789,44.9716760077435,8.9121025821213,2.4412450875565,-10.1921836205741,70.7058409525983,12.8288723413498,-38.8356839745711,33.3941504962106,50.3066010693746,1.80169246882344,-5.45037309168851,26.9071112855905,-1.36530839427058,-15.177191423378,3.45674849929912,5.78607761756351,-5.35526585597205,"CD8+_Cytotoxic_T"
"cell21618",4.7621994332108,-4.57984820447906,-3.69515272269806,4.10300662089801,-5.1180748469969,-1.60355660101579,0.921564401854487,-0.133262256686067,-0.907141924616565,0.663195902576295,0.132728440847746,4.31186285395277,5.62590093315002,2.386171832456,-3.13605502900113,0.29653089181804,-8.88534038824267,1.36695406094663,"CD4+/CD25_T_Reg"
"cell22096",3.95055716960314,-3.21272392027872,-1.41854121204056,0.687660343403049,3.23401266343998,6.24660183446539,-0.610547487496023,3.05384443652986,1.6205673997323,-0.6364912452331,0.724777001608084,2.9840002228575,-7.48534866230762,3.08374268847056,-2.57828526958425,13.4861700460132,-10.1377405550772,-16.322862621851,"CD14+_Monocyte"
"cell22236",-31.4514773425189,-3.24484544330839,-0.757049630687228,-1.73991493744171,5.91518136480159,1.33179117825346,-0.25586905444955,-0.781619841443137,0.947406254854606,1.09949974791549,-0.144841116623019,-1.81664834690527,0.613233542289037,-1.49036509712932,0.902310808916108,-1.59625223946973,0.0333829089637919,2.36773786382712,"Dendritic"
"cell23341",1.1524031954266,-7.29308132109205,1.39670543196645,-5.61753978239882,8.87769585304469,2.64419870583534,-3.1248634486528,-1.487164903889,-0.678370254887462,-0.862953448999843,0.0877972350118139,-0.587969684025005,-0.46788737265211,0.134240694316874,0.516348581026616,1.338182688099,-3.8428190558782,4.10563296295896,"CD19+_B"
"cell23371",3.77885576416411,-5.11458238382364,-1.57904271337887,0.00294941720415147,0.283332898941458,-0.98986989442766,-1.35578265988603,-1.21455676416214,0.300903544132921,1.43719708861248,0.309209558402819,-0.0644331728267615,-0.469157429036216,1.34273696595154,0.678709128302437,3.57703847498889,0.0829601994190686,-1.8548291204207,"CD4+/CD25_T_Reg"
"cell23474",3.04104485785175,-2.12315319244093,-2.88669424863199,-0.918924104669125,3.25675479575509,3.34238398481869,-1.80681072872236,6.44926567105305,-2.78814532103122,1.85413229024272,2.65282682643751,2.60886242134398,-2.59389896633746,4.39209619846295,-3.58196491175068,7.04999997181432,-4.73571463425024,-8.8292291986082,"CD14+_Monocyte"
"cell23518",3.84772228596513,-8.71615964120148,-1.01972774389825,0.321260172249428,0.919066990979118,-1.56433726845747,1.00350927512275,-1.00700218008009,-0.109131337799148,1.41224058039453,-0.109956752673874,-0.930340553388697,-1.37547578016421,1.06409521135649,2.23121850200786,0.229184300838351,-1.54211205647907,3.06142206017214,"CD56+_NK"
"cell24172",-32.9834531714259,-3.62200614022674,-0.15241980281963,-2.19690236561809,4.73867689150803,2.07441540860191,0.564217471857021,-1.61122035107287,0.641356168583048,0.295421822396952,-0.816354039385796,-3.01852541603097,0.733614152143747,-2.1875751641477,0.514641201885067,0.213019190985882,-1.9345294977909,1.93823300972593,"Dendritic"
"cell24668",2.33824273408998,-1.43803854313847,-1.22898915556275,2.08196303549591,0.795553355216226,2.20108562238843,0.25266561069547,3.30146267981846,1.81990568107625,2.04716431712719,2.20322871934085,-1.8232656422191,3.05529298843948,-4.34088645590634,0.935396996950113,-7.45828880416286,5.78365769641025,-4.36528301116487,"CD4+_T_Helper2"
"cell24774",15.0321738991832,85.2667935452283,-98.9970504678695,-23.2766910820967,22.1719602097568,-19.2563491553136,2.53889064516232,0.304318605904325,4.23130889159377,-1.75030470783213,-0.289801735395672,2.36149759530306,-3.45612841617817,-2.79925247160079,4.3094694524117,3.9144460072235,0.0850550621527042,0.916002434080045,"CD8+_Cytotoxic_T"
"cell25006",0.522513201442123,-6.89099151428561,1.19372177812847,-7.35370745100262,10.4876965673908,1.9460704862119,-1.53290013670812,-0.976460497957048,-0.493334960723801,0.343089355664769,0.319998098357764,-1.40412554057887,0.0121173051687775,-0.859650063354101,-1.89123550767051,0.441501089427459,-3.29162321330964,4.04768853463254,"CD19+_B"
"cell25429",2.39732769015036,-2.75395743549012,-0.320094981586986,-0.470574490661365,-0.389264342838566,-2.17346300857331,-0.196186096796823,0.681497718051279,-0.841269356168017,1.63485040892377,-1.4769168559919,-1.27828228428456,5.368626535328,-7.88083930356646,1.3366311798273,-4.11044444202907,7.10362455792703,-0.877625559840433,"CD4+/CD45RO+_Memory"
"cell25646",2.1504983127363,-6.7285555702587,-1.23202212586947,-0.514872505334165,2.58871071357378,-0.275787224612566,0.482445125045239,-0.592569139789887,0.997110976964615,0.0942981205499523,0.481662518221744,-1.75500169962201,3.26596878100829,-1.67143587039704,0.371499739857663,-1.13758635377144,2.32386151588645,2.82624249776039,"CD4+/CD45RA+/CD25-_Naive_T"
"cell25867",4.68908894052982,-7.23816385988607,-2.4518464223277,1.96992685342097,0.911979360547952,-2.80258502479836,1.11675627374828,1.77239699740884,1.40847759149832,0.19236921982223,-3.8735741334538,-1.50456608167057,2.3709847331175,0.541233508919336,-1.04140286007328,2.22275394392223,1.76948801940459,0.84298288578546,"CD8+/CD45RA+_Naive_Cytotoxic"
"cell26500",3.68889347417159,-5.13631290327132,-4.31174464904597,-0.473001353195696,-1.75358901919589,-2.3548035727526,0.597118352754216,0.274897404763608,1.51923254861444,0.499025158492922,-0.250951261557868,-3.74364754957679,1.05978336813994,1.50983981637931,-0.520529041450564,-0.777573567412159,1.26388339261955,-1.28858279383531,"CD8+/CD45RA+_Naive_Cytotoxic"
"cell27434",1.68176953919012,-4.33236141027246,-1.3236436551051,-1.72301354350189,4.40252183373228,-0.831044437566701,1.74385796121564,-3.00644717767975,-0.13380082761653,-0.507335557019534,-0.52137740977941,-1.64350599399232,2.57601533775933,-4.63400402920495,1.1204744123152,-6.78848283052373,0.670943293653802,2.34311728976995,"CD4+/CD45RO+_Memory"
"cell27843",4.23849478665171,-5.43327818346094,0.539581353027615,-3.28498940403077,2.72971325787033,-1.45612210863509,0.728808308690005,5.95160063250286,0.438512402199036,2.47495275942021,0.507552320445237,-0.441420485974089,-10.0248348093527,1.72240068683377,-3.96531462223976,12.9491199769866,-7.64735588610247,-8.26233816008105,"CD14+_Monocyte"
"cell28240",6.82851440950893,-3.70360804989342,-3.07613952153867,2.0265453754976,-4.20084329397638,-2.45583188345881,0.443964883832875,-3.78965634957864,2.35566512555417,0.619074598485106,-1.77663236078516,-1.9147985681119,2.05325668089993,3.79703887884924,1.85019873290124,-3.45318372061812,-3.19672013707019,0.33842998405837,"CD4+/CD45RA+/CD25-_Naive_T"
"cell28624",-48.317016829126,2.88379476640373,-1.45997943492435,0.502953943870287,0.273445516811011,1.35835382366528,1.1269119700417,-1.11482183735726,1.70946323961042,-2.97531369135575,0.00677921261507275,-2.60771736462692,-1.16087849466781,-1.72868068054619,0.838787452936661,-1.95457693253551,-1.60896073830662,4.29415369007955,"Dendritic"
"cell28647",6.5083046008724,19.6759006810481,-7.49673632393592,26.4334262109962,-30.6068669618993,25.6475375425588,-100.790904239953,3.65877697089755,-8.81177197554551,-8.60162821654797,-16.0221612651587,-6.08435517886361,-9.54923929471818,-8.6803193847839,16.5361308004638,4.24640087403791,4.5127464998638,9.87046419440254,"Dendritic"
"cell28757",5.30813266159155,-4.7578115393974,-1.99948501127143,2.27734266242397,-1.424187999439,-3.43683511336061,-1.4183539000051,-1.52894304168546,-0.540360295336161,-1.66588823988616,-1.47816825509202,1.25578173952312,3.06405521032621,5.16134771924036,2.64794151174462,0.924504204335242,-4.34216064009565,-5.68074881622581,"CD4+/CD25_T_Reg"
"cell28927",-2.90125854059417,-9.26312984491437,-1.17802874447683,-4.49753003154108,8.36427930695375,0.5477521059502,-0.874320338377576,-1.28835373678187,-0.207013239546329,0.0225907973403173,-1.53638021818129,-1.90257525794117,-0.446053526568378,-2.20862117593999,1.94406903563872,-0.881548747006072,1.3937998804728,1.76671053837178,"CD4+_T_Helper2"
"cell29618",-16.1173538454014,-0.232849296653134,1.05624415996193,4.46348783079754,-4.01906566886147,-2.09382758839058,2.49820999139367,-3.82416449715628,2.24863789858374,-3.24889057503579,3.41756166055843,0.974033971047805,-0.753670076726413,0.589186546612342,0.502656885679936,3.72875954606438,-4.2695781094336,0.129012900992627,"Dendritic"
"cell29642",-1.56897050965836,-6.26149809479879,1.81024080770348,-9.90354721086142,10.2001299199385,1.61431822532504,-3.64129519418312,-0.63582698964609,-0.640447190814536,0.6005537340096,1.27501465193742,1.41807185625393,-0.910852622839594,-1.01024732869899,0.890421030843746,1.93107290873211,-2.09253894565617,3.60370405595411,"CD19+_B"
"cell31083",9.47765708441165,5.77761877258105,-4.08168829114794,19.3714168971581,-31.2576423335586,-17.549412878929,10.4931019295273,-22.855195890773,-14.1596350818803,24.1174922166142,-14.5354000344001,-25.2764940024655,-63.9353181588823,-5.77948406533803,-55.2642649955222,-6.11459645305723,-1.64924856142351,12.8068896098309,"CD8+/CD45RA+_Naive_Cytotoxic"
"cell31202",4.85713356007674,-6.30315028144351,-1.66963458194591,-0.295491797490349,-1.27867645887998,-2.84523256678795,2.90785456139613,0.373281757084205,-1.6683284772672,-0.690469090389656,1.42566305339908,-3.09831029222509,-2.67081324645489,1.44067132976649,-2.64725129358913,-2.48618552090011,-2.81995273321331,3.31821746082777,"CD4+/CD25_T_Reg"
"cell31283",2.48057870591066,4.15350982102932,9.66026259979329,-13.8210127619331,9.44326462727852,3.97816080488459,-1.83437099318991,1.28287097262608,4.692895219622,-6.27592936907362,4.154831765605,1.27758790364607,-4.83240056468315,-1.03165461166389,1.20309940108859,0.0471515073374046,-1.65346684673653,10.1860251773141,"CD19+_B"
"cell32944",5.50349082837156,-4.57006326921517,-2.33316062292025,6.40805879802165,-5.75148324698599,-1.10405777243561,-0.347936082176102,-3.79333463362284,1.36630455447223,-5.18874448899541,-1.53618457037922,0.178576468834187,1.95193674286451,-2.37089206360712,9.37016679447107,-1.24757064524731,-11.6447440430311,-1.81111632541499,"CD8+/CD45RA+_Naive_Cytotoxic"
"cell33677",1.94207957725165,-10.585943234545,-0.75027660557908,-2.33509635136558,4.0736227707805,-0.170561444714698,-1.09216866546046,-0.227895382579678,-0.816524081586496,-0.286088606661857,-1.08717747083798,-1.45778080424966,-0.401134710780316,0.0508303790816488,0.00362008376704213,0.571052378946252,-1.1653527730148,1.12991059660824,"CD8+_Cytotoxic_T"
"cell33804",-60.1218065002052,10.5739619674567,0.896482711032114,6.16375523229933,-7.21597782941299,-1.68320980412471,7.54954500175127,4.13080689702003,-0.669966283416345,1.99700495293309,-0.825084990109242,5.17835308161456,-1.17006821622568,2.16696333005248,-3.11572285602513,-3.73666492140883,-5.10496789768685,-1.22873841487649,"Dendritic"
"cell33952",4.80988695284661,-5.45541816664268,-1.34528423864691,1.57224007282882,-2.5266010186509,-0.00328143386211083,2.36049468402726,-3.23336509975345,-0.550026547757533,-4.08847849645079,-1.49474339747492,2.02081337931739,-2.6940513995709,0.790953872821159,-2.76441410280472,-3.07662931214115,3.22073065608205,7.84176552717355,"CD4+/CD45RA+/CD25-_Naive_T"
"cell34725",-70.6754941972719,9.77563663171043,-3.24745038991246,6.07953465520609,-7.75073617595287,-3.00098288199549,2.0245183906152,-0.264987440177124,-0.67688607918137,-2.08963648525324,1.68965393065675,1.23086322223099,0.390277076263086,4.28088004857432,-1.9911039361801,3.28695166989392,6.19063358656706,-2.97431455610456,"Dendritic"
"cell34800",6.95298094494368,33.9618744152929,35.0974482623205,-40.9509625758289,-22.3197948476733,-14.2557396719712,-11.051046411064,-2.30675290179924,67.2400978561045,-30.7203573318144,27.2223728075897,22.6906926607923,-34.1385648305351,-6.48524075735565,-4.50909848453341,-17.1188266749299,-1.94820263522445,-1.09301435194979,"CD19+_B"
"cell35532",4.8497789674196,-4.96931047035741,-2.89100921669123,0.845158407541062,-0.227517908339573,-1.27626154863085,2.78321320258057,-4.44799135263824,1.68732481038711,-0.197739038716677,-1.77522129262015,0.52007745590218,-4.33204873971588,-1.85821705625023,-0.652083450113049,1.67067447094762,-2.56708183055391,6.67721135943137,"CD4+/CD45RA+/CD25-_Naive_T"
"cell35822",5.67266500591286,-1.59988145682235,-2.02822137599638,0.427241535052534,7.51966553942838,4.89651578316407,-1.20046744152571,1.5035607051543,1.16134830098522,3.38248556039354,0.137996323331917,8.53717688557574,-1.78346331112532,-0.897277332679704,-12.3093259751593,23.6480723619868,-18.4447982046796,-8.68118696544596,"CD14+_Monocyte"
"cell36185",4.10002778082992,-6.370389204264,-1.29319083628682,1.84683945570912,0.770419851546033,-1.87248457384891,-2.76738185965906,0.258997896849598,1.99825983279436,-0.880118772687177,2.72063126097647,-1.0487436219586,-1.47608767926932,4.34040987860063,0.455530480476906,-1.55741181128374,-5.300886428038,-0.979016899636854,"CD8+/CD45RA+_Naive_Cytotoxic"
"cell36713",5.76748293941703,-3.85129860595321,-4.98122047966232,4.57547818774779,-4.20155212004365,-0.00270397908336915,1.48222568299155,-0.479511113056313,-1.8514672079579,-2.60262885839288,-0.335161154130857,2.8133977252282,5.01707045550477,6.24104287792493,-1.44994820261313,-0.612467263707303,1.80278972720528,-6.36771169048843,"CD4+/CD25_T_Reg"
"cell37268",2.2316265682359,-9.06997880931506,-1.41932479258339,-1.73815535758314,4.25882951456995,-0.371122161363514,-0.950193279145077,-1.26326762718684,-1.19426237389238,-0.987886724513308,0.34775234255752,0.830302999674368,-0.425652055119925,0.355631230564386,0.634761406284464,0.378606442990565,-1.79751866679058,1.0787937341456,"CD8+_Cytotoxic_T"
"cell38356",4.91662015212074,-3.61487786951773,-1.81903199012983,7.78387089041151,-5.05767884443476,-0.599887052042233,0.970004644181552,-3.23546351010451,0.863297987970815,-0.975399942115283,-2.2882025551864,1.49358625641886,2.64252940229252,7.59041652030437,0.563166773062088,-3.66919992957393,2.2102810444958,-0.100391592074348,"CD8+/CD45RA+_Naive_Cytotoxic"
"cell38847",-0.213142892083281,-6.17431463634672,3.02040980855907,-11.3886870635345,11.7958638256699,2.38031341763821,-3.77275076783889,1.05857939375284,-1.68350752117338,0.081614462717636,0.746137059445579,-0.370254147230597,1.6003007086465,-0.216009578567311,0.539705755689952,2.87474582413002,-1.79879674393759,6.44673910827962,"CD19+_B"
"cell38859",3.40288313506764,-6.92761888119639,-1.03805439469544,-0.93966623568365,0.87103461140779,-0.67430642419194,1.91024130162691,-0.238444921073191,-2.12479079255231,-2.27474233416369,-2.03355757958053,-1.22109228785876,0.623643271327939,3.16588469722838,-0.828530173879515,1.2095309691067,-2.70809391384113,-0.235342534396555,"CD56+_NK"
"cell39015",5.75030028608169,-5.65176272717655,-2.05344908630544,2.89254742454979,-0.157756065493672,-2.92917312082277,0.287792176890092,-4.15112519337902,1.6349013394075,-0.554518711107427,0.533156784240237,-1.74292985502924,-5.54994947474027,2.89652064628399,-1.46750962687061,7.18608243629094,-2.26613528125588,1.83584062518642,"CD4+/CD25_T_Reg"
"cell39161",-3.48890858049399,-6.87303238649578,-0.287685591929394,-3.94244087621545,5.88706850285859,0.435475920905439,-1.37667631608418,0.256329935507164,0.0498235961761743,-0.0435479578631393,-0.428299995740272,0.379570058415385,-0.113066170214839,-3.13294374843161,2.04496629144692,-3.15386524622175,1.37704370835528,2.53410412460422,"CD4+/CD45RO+_Memory"
"cell39322",4.73247110673055,-5.61660314097495,-2.23192606321126,1.42575865686375,-1.28787215320864,-0.533135377030043,4.69132868356275,-0.0436929573382158,-1.48897371755977,0.30491903919945,-0.799987099255486,2.3226910450827,0.449515440633657,-0.123608513102562,0.294885142421518,-6.09594360091235,0.0973196050795524,-0.560022319810543,"CD4+/CD45RA+/CD25-_Naive_T"
"cell39853",4.25871144876426,-8.25575353435999,-0.537120717614134,-2.39410581765745,4.62741618878155,2.69789345037281,-0.560555978750255,3.17028672956323,2.50279323548402,0.0262151655642014,-0.867454527306643,1.55321693018557,-2.34085998362756,0.619062534294354,-3.01836920042387,3.28432224260262,-1.66622192410046,0.236651163574442,"CD14+_Monocyte"
"cell41175",3.96078154940435,-3.51714700248649,-2.43464843321374,2.23612739992726,-3.61061396146668,-1.90475271238437,2.05795989159046,0.363204028628235,-2.42504905408667,-4.44262306008951,3.12969925639077,-0.801544038983168,-2.31980759460005,-2.16468720830215,-0.179732838765215,-0.827232097123649,2.48200656512107,-2.01393384468677,"CD56+_NK"
"cell41211",4.40653056099984,-4.25729741597374,-2.21093698656723,2.75080762156605,-1.02218096905508,-5.55564577813035,1.58455139962301,-2.52548190234436,-1.46989301414352,7.62443407942528,-0.391728723459125,-2.84921905579816,-1.94006070755553,-0.528200711894426,-4.11095225386285,-1.15721023086691,2.11369365449521,5.79296783257885,"CD8+/CD45RA+_Naive_Cytotoxic"
"cell42072",4.05111017130142,-8.07979316505886,-1.84078523934849,-0.781395328477962,2.06714187953428,-0.238109461889162,-0.262117207765853,0.982866873178869,1.03919346769069,0.739664113360296,1.01938680688608,-0.230791350242704,-1.05349643157203,2.70367256158315,-0.0990118796439859,-1.77381013690647,1.07030963382655,4.12291150820954,"CD8+/CD45RA+_Naive_Cytotoxic"
"cell42485",0.335014393082375,-11.1859090556082,-1.08126281154636,-4.57865314343609,6.26458752429127,0.588765658582283,-0.827419183661348,-1.45849080129534,-0.607616058047562,-0.986987111552838,0.0383158731361588,-0.37746767648442,-1.14711123521989,-0.183629224442725,-0.916447882775312,0.037421700030677,-0.38538870621665,2.9669355741896,"CD4+/CD45RA+/CD25-_Naive_T"
"cell42753",7.5689729380477,2.03152067710161,3.15990235242609,7.5573161878966,-16.423735001763,5.92984616066204,4.74687407702728,5.98833049822252,0.299418192959913,-11.0928775684502,-2.36384412716163,7.13321960197009,-10.7292613697323,10.363339050973,6.79174537089183,30.7782293645395,8.52801120971528,-76.8759647738148,"CD14+_Monocyte"
"cell42905",3.46697323243381,-4.26789571965126,-0.693389790854492,0.57735123416448,-1.23626381835233,2.57543122584431,1.53494127769936,-2.81644429347843,1.81557517958237,0.718079143634416,-0.606665824006448,2.06407955726336,1.87772360921361,-0.817560977457744,-1.26134075546276,0.908115014187269,-1.03285930497599,2.24722748027805,"CD56+_NK"
"cell43291",4.07929069615287,-5.63040027593464,-3.03487895776829,0.6845984665076,-0.513733396704983,-1.05481283558547,2.29595876304698,-2.37290166426762,1.14299280627402,-1.56201183315899,1.82106501629202,-1.73512558214877,-0.737374884124648,-1.06912767234948,-0.564709818906801,-4.96258469353479,-0.328340729277569,-4.39734864976064,"CD8+/CD45RA+_Naive_Cytotoxic"
"cell43432",8.74321802809915,6.2160310097804,-9.40009556850527,18.9957663817609,-28.0438051556283,2.13266342166184,3.98689763568507,-5.13882089153294,9.60684782329583,-5.00462102400411,8.27772368549902,-0.449237201637656,21.6622089436527,27.2904828089721,11.83982036749,-34.6437014595469,-71.769685990208,-0.347509304019754,"CD4+/CD25_T_Reg"
"cell43711",3.38585069213054,9.16962534262971,15.5416612952853,-20.4209240731879,11.8501664390902,4.7682251802466,-1.65513045762692,1.45775674098289,2.34943512732614,1.52193351823415,1.88634860892402,1.20379356518228,0.781158495472998,-1.22202291016598,11.9654280764734,5.58621284940235,-4.39073615742596,14.1858482904654,"CD19+_B"
"cell44392",3.7607024161089,-7.25007944805205,-0.900401422651187,-0.303245486964164,1.3975613930507,-0.985199488959661,-2.03787231094198,-0.158913943374232,-0.570252751889502,0.312349587900175,-1.40737837970945,-0.941819331059064,0.390689099303485,1.36262152692354,0.401783288296105,0.612313181153403,-1.82626388528867,3.55704802898151,"CD8+/CD45RA+_Naive_Cytotoxic"
"cell44770",-42.5749614599606,-1.00643695157528,-0.265345496744801,-1.39146376362068,1.98715481031837,-0.650415577897016,-2.86947072227092,-1.25726560891388,-0.205088320074582,-0.276600257307277,-0.469162911402485,-2.52392687278479,-1.1127933079157,0.585090330501116,1.00468131090247,1.24652359434524,-0.90539049147193,1.94329978503183,"Dendritic"
"cell44966",1.87268040292532,-0.771189150996354,2.96835870837337,-6.17085432418795,8.95307107149456,10.3394621436181,-2.31721858055534,-0.0656730218403061,-7.01252562335692,0.809145722197207,2.28782265479464,0.386153103728026,-4.23880330290344,-2.20620040637155,-1.92374946068352,5.49397873520846,-0.00641442942687896,4.89690508428079,"CD8+_Cytotoxic_T"
"cell45569",-2.46656521312676,-1.04033615304474,-1.87939681240711,2.7089358016953,-3.15254885757819,0.176679049503905,0.693956260179263,-1.55747476426783,-2.32186062991783,-0.681102884780177,-1.83588374934476,0.0192006593598869,-2.90553188353614,-1.46442928458498,-2.25689030242183,-1.38020574637389,-0.465787292887991,-2.88291525881179,"Dendritic"
"cell46968",2.74718295736314,-2.88845587776793,-0.497217281902214,0.437297637300715,1.63887947064958,-0.753573618724552,3.34421163227179,-2.90854651461155,0.710282359107024,2.44436728700696,-1.51182080364822,-1.89636511517016,1.59680009977094,-9.27192256290193,-0.83422798584698,-9.02898234455082,10.7803886607055,-0.210891873882334,"CD4+/CD45RO+_Memory"
"cell47038",3.42639966725791,36.9797498329055,31.7835785653334,-33.3487094709472,-15.2838276285238,-35.4491362793568,-10.8850157537781,17.8055319974301,-0.492195679144389,-14.4724695429018,-32.8349875922114,-40.8985333345903,52.3753726183383,4.70358407417794,-39.6215277405794,20.6714143301934,-4.74319309038345,-1.22280946948273,"CD19+_B"
"cell47118",2.40259860760804,-3.84425729256758,-0.600785588798426,0.133142250194556,2.76901157350271,0.838798502606716,-1.27024240300826,-1.19842864480691,1.16388350341999,-0.817047682893486,-1.78000427657226,-3.24129694069239,3.13768946754023,-2.46054104265419,2.11394846093632,-7.45761677454603,4.485011451503,-4.82832487176062,"CD4+/CD45RO+_Memory"
"cell47301",4.55756997497345,-3.59504484594716,-1.93388988397473,1.59188164112644,-2.4477892627402,-3.05334747602999,2.61263220415994,-3.03551376766668,0.426219729582595,-0.192071844141125,2.6128215063733,-0.44503982454824,0.236354859086472,0.46334682828552,0.789002470095915,1.6610567179344,0.4077009257537,-0.285134573601164,"CD4+/CD45RA+/CD25-_Naive_T"
"cell47439",9.09096143073347,1.61662250998876,-2.39973519861304,19.2854801181375,-23.027348641989,-9.57763376074408,12.1230139663948,-9.83750866597549,15.9693722792525,-11.4850621356471,6.51412752547178,11.0603211338572,6.21542941467212,63.0240789635468,15.0334917358692,32.3713185476914,44.8988244007885,35.6647746446719,"CD56+_NK"
"cell48124",9.48836053674688,35.6634415756069,15.1787144599876,-6.70589515796618,-4.13337110320848,16.1049373179531,2.34200701622114,12.9878381719165,-52.5005604105679,-10.1971750104573,73.8659605860412,-38.5952125464025,-4.41060969459824,19.3252083130589,0.422993817473271,-14.6881065370835,8.26017452997971,-7.33844336522875,"CD8+_Cytotoxic_T"
"cell48369",3.34425672154591,-8.98570807656378,-2.77133213042121,-1.23731673614633,2.98990858020195,-0.635940194031438,-0.745167497327083,-1.82420936166106,-0.607005932042676,0.954651941825064,1.67201627640702,-1.73862535491412,-0.854766958534785,0.0983561310390931,-1.68573022866989,-0.311957739688944,-1.34275101574492,1.81329494862504,"CD4+/CD25_T_Reg"
"cell48540",3.14298970953979,-5.61402238869429,-1.30733324085473,-2.31183645504852,2.85478945533624,0.106576645140593,-0.391929087938712,-0.13338636851995,-0.0734923443405449,-2.51281312558257,-4.25031400661032,-2.86721759196336,2.06061548535234,-3.79935245038389,0.294414310152733,-3.58776536483502,2.70857744055882,-1.98089272675771,"CD4+_T_Helper2"
"cell48870",12.5113756261331,57.4501860571239,43.3613062731024,75.8184109616568,64.8316598347681,-30.8722570741037,-2.88515734743351,-8.70370626981938,11.5771367668981,-0.720134691614669,-0.768557966386632,-1.15546413765272,-4.04048427838088,-2.92572789461441,6.55094200100797,0.376459298659145,-6.15849427579773,-1.76365055701191,"CD8+_Cytotoxic_T"
"cell49841",1.88605211289131,-8.78266842794808,-1.48969494265461,-2.50342352509889,4.20997653879096,-0.181705037817904,-1.29397886725322,0.522073057118973,1.25755474648663,0.117472798591342,-2.26781259721317,-0.838930512609016,-0.366095479147225,-0.775534399210272,0.253002500157725,-0.419880305660601,-0.0971741575376023,2.66794189251653,"CD4+_T_Helper2"
"cell50341",5.09676237538512,-4.51312645725407,-2.55736948636329,5.57226186743986,-6.08974904978372,-3.85093793540859,2.33110984698194,-1.48796237452201,3.01829433153879,-1.39409821793406,-1.06444451862164,2.23714513836944,2.14092275637278,0.568410591249952,2.53566776533787,-0.241126157818812,-1.2044764899959,-5.76581090965272,"CD56+_NK"
"cell51057",4.85850508887345,-7.3716925529467,-0.575507054723332,1.29418353101704,-0.203619160504474,-1.17866385096013,0.847354656595911,-0.146732662656572,0.3779664990852,-2.47115434487544,-0.78003808908418,-1.27512999401676,2.19546297794005,1.39019528483297,-0.941255826390446,0.575686898314473,-2.43449679223811,1.51118424236559,"CD56+_NK"
"cell51291",3.4776716679056,-4.58009706505522,-3.94268976289353,-1.81589025762063,0.13113006468951,-0.126018281275828,0.381582339515462,-0.424405779467995,0.343423035114779,-0.671343166673316,-1.87261927746355,1.79818995142115,-1.35222912996547,-4.0213343916462,2.96208671366165,-3.1975605617305,4.74952678605585,-2.88914477315719,"CD4+_T_Helper2"
"cell51368",4.17866422447178,9.04117959978431,-0.333240770386884,12.4417365223787,-2.02670182321975,1.69865255035769,-11.3099588826972,1.60082229067243,-30.3561364366624,-14.2811833673101,16.294900573982,76.5386308472441,27.9740073302759,-9.81802170131445,-54.0814557584531,-13.9477215999572,9.62238966477768,2.41468821662044,"Dendritic"
"cell51387",5.58764581770494,-1.86272649107277,-2.60586183847871,2.6032843307859,-2.40110653854115,-2.19740637077585,0.123240309022311,0.614468348922699,1.28650225507803,0.259790134477041,-2.34911092398962,-0.329803139875111,1.46422181997825,-0.7875519911144,0.0939846552743504,-4.37287791697268,-1.81257702389956,-1.1114967010338,"CD4+/CD45RA+/CD25-_Naive_T"
"cell51691",6.29213264978546,-1.07305529319117,-4.60693430695705,2.66239486567044,-7.76240037641534,-4.62482750893423,0.846964529810384,-2.8302344789777,4.57928474006756,-2.81488017842622,1.54248140186383,5.70328905612731,3.90650410672984,-0.6091847557101,-0.0633463038901382,-2.68898004289466,9.31339235735612,-7.5503584391881,"CD4+_T_Helper2"
"cell53359",1.20078273295333,0.609661314526793,-0.12293204436524,1.15383308459251,2.66685966996198,-1.63845362489015,3.27888721107721,4.07064169611953,0.814909705091987,-1.45500104019039,-0.173988916786336,-6.45458543211987,0.0580511246634043,-15.2388229916577,6.73973409746071,-29.3510685939645,21.8696174256705,-12.3837544710076,"CD4+/CD45RO+_Memory"
"cell53412",3.19429909212771,-4.71888049607571,2.0291199468558,-2.66648166768285,1.04337407349997,0.436534982878114,-0.427927363876597,-1.85872041452005,0.37649932181544,-1.31390816731272,-6.33972703809128,-5.04616409824202,2.97873327159846,-4.592238987504,-0.355419663508667,0.116115268022341,3.68615862773557,-1.19742909184824,"CD4+_T_Helper2"
"cell53812",5.69318484883718,-4.07987782968448,-2.42740666286864,6.94131628013198,-9.18289930006721,-5.49473946092322,2.10669697517295,-3.13245830092011,-2.42324596846517,-3.17374816451855,1.90454136775705,-2.64985330257278,2.51409696193848,0.538817292560576,0.343113808565993,-1.69454148106925,-6.15274241473379,-4.49567532303353,"CD4+/CD25_T_Reg"
"cell54156",3.00327876295593,-5.74894178846242,-0.179128191886733,-1.46654313872379,2.04178592156752,-1.02623057797359,-1.4661153633316,-3.45019413836823,0.362419648731296,-1.09726588810666,-0.116087929041824,-1.16926894743724,2.40097049861571,2.42017103081954,2.35565071569706,-0.879791444574694,0.795680188122825,2.60286382806892,"CD8+/CD45RA+_Naive_Cytotoxic"
"cell55072",6.13013433425987,-5.85217786960651,-1.12539651912964,3.09815393103951,-1.28228966669094,-0.900141455411361,-0.690130622467071,-0.718156453268004,-0.0203427568124657,0.962101421615513,0.057296766541074,-0.708754018410589,3.63104821521469,0.121906147546606,0.864473709995559,-1.43751444540748,-0.777844764048138,0.969315313683319,"CD8+/CD45RA+_Naive_Cytotoxic"
"cell55673",3.27144878264272,0.117014390082097,-0.465002160853288,3.57314506730615,-3.32389927398493,5.87536740131057,3.81325834228862,4.87641982512836,5.87863065511419,-0.832375394050532,-6.91634905583416,-4.52215991330059,6.21589203985019,-9.84567215783065,11.0965670791943,-15.7973738312202,7.15062979585986,-3.20702175864516,"CD4+/CD45RO+_Memory"
"cell55831",4.23590482740448,1.26575872885567,4.20265979196546,-5.84190277583375,10.584965006435,17.487912002867,-0.88098330139758,2.05555024410434,-3.16182717506124,-0.0258242461158686,6.17593270061995,0.701337002849972,-3.14326091666638,-2.66542788910498,-5.17862635070184,9.04132642115107,-0.284240820356731,9.96145904900076,"CD8+_Cytotoxic_T"
"cell56098",5.66629861399647,-3.4099685786446,-1.12487610234915,5.37340853003399,-3.30844632867796,-1.73835220408456,1.9628794593214,-2.43835394269793,1.68329802684579,-1.07862817807111,3.28157470074298,2.78666477783567,0.00702005088020643,5.29913094672245,-1.10212327312205,-0.819354588242426,-0.98414011432499,3.53268917478142,"CD56+_NK"
"cell56362",1.45599953503843,-0.520981559101845,3.16990741216464,-9.24695823766545,10.6467416035223,12.9328377780339,-1.40039740103235,-0.587844608967035,-3.17378968024695,-4.2401031166834,-0.465928430779773,-1.0652349005931,-0.27947529081103,-1.82451103455524,-1.38588522823003,6.36828021858563,1.44273632537505,13.5574088873478,"CD8+_Cytotoxic_T"
"cell56731",1.9361295126453,-12.2239250536922,-1.8148661484056,-2.15265726921761,5.23997597395071,0.346152886598567,-0.93752759904837,-0.952580712739211,0.447431918385755,-0.334657084189682,0.294477992032967,-0.355995070495938,-0.0106896567379473,-0.248941931325754,0.463953086856435,2.08173931207096,-2.57991214569311,0.965710508723043,"CD8+/CD45RA+_Naive_Cytotoxic"
"cell56942",4.30301257575998,-5.82635439867807,-2.66881877436272,1.45552659626923,-0.00702401193216507,-1.72787667134132,1.73629218992143,-0.243965449774619,0.567438331650823,0.875095231721477,-1.01380329751661,-0.695275714170782,0.274814645491682,2.1481699428769,0.835697974668368,-1.49682423729638,-3.80792695322359,-0.191601304412716,"CD4+/CD25_T_Reg"
"cell58355",-42.6718405379844,1.83430604761039,-0.371826844476427,-0.112686786775999,4.45224052704098,1.07782319485421,-0.573248885423289,-0.411358567716789,-0.575238158357599,0.0229651678806312,1.70087975986541,-2.47137720035089,-0.0815405183839589,-1.15568905671958,-0.816369362570154,0.321642694028059,-3.52339871947106,1.51314948118564,"Dendritic"
"cell58551",3.47342097101977,1.27892434291107,0.648876934056147,1.48424464397357,-1.90583070071776,-1.22399228162479,0.870868875045061,3.33025077635209,3.98121503913213,1.77586839729736,-4.46684574039895,-4.05261895933732,4.77137768186524,-11.3068813489293,-2.75137635383725,-8.61829957341789,22.1292117328643,-7.45012509487449,"CD4+/CD45RO+_Memory"
"cell58580",1.61874327659578,-3.83028104893651,-0.0793024662618941,-1.94374830742963,4.15289210736747,-0.807144434165349,0.460387437218855,-0.83547730519063,0.0869643679059842,-1.95593859128672,-2.55534195001007,-1.33281313151152,4.31076588049477,-7.91917198366249,4.58557475557507,-8.43242215774281,10.7092247961738,-8.77703171178694,"CD4+_T_Helper2"
"cell59528",3.40455948887389,-3.45549641023876,-0.592758042983712,3.03715846032491,-5.12574320971506,-5.54873068189006,0.494832703055817,-0.124086007186725,-1.89369541366051,-1.58860842753898,-2.93954822212371,0.442547557662274,3.29885252044733,-0.182735887347226,3.61703526382821,-4.03929880354379,-2.03920437878852,0.84049620103422,"CD56+_NK"
"cell59930",3.24780050315062,2.18847250904461,0.436865058145954,2.61601694250623,-5.6150356718209,-3.66501607186501,2.61765399736033,-4.80347402257643,1.50327697077875,4.11616883303216,-3.9473889489761,-5.34141306282507,8.62008832846129,-7.19504641084409,6.66901087577494,-16.9643293737041,21.6766880657332,-15.1274652573545,"CD4+_T_Helper2"
"cell60046",-47.2328710725981,2.5583393976005,0.180281095178268,0.708785467805238,3.07888998263371,1.2243294242307,-0.277014927744861,-1.90546193817298,1.5325411054375,0.909167284728748,0.468928465982994,-2.60728580062291,0.483090261773758,-0.266799750822912,0.276296911772602,-0.307952917472541,-2.94656154164428,3.14489902968318,"Dendritic"
"cell60662",3.07891078742989,-8.3142660451739,-2.3342204610232,-3.20114656315269,3.63871222450866,1.41232754264798,-1.04746310147902,3.0444018967535,-0.722411705858907,0.0527858553410938,1.03085131360504,1.61921324536707,-0.970901792447856,-0.280505772874169,-0.854824572756365,5.1419130165935,-4.36165812835048,-1.3181818584991,"CD14+_Monocyte"
"cell61710",2.28332922847195,-3.07029041363084,-0.132493501526938,-1.43440470335888,-1.62619285477218,-3.2651631004933,-0.0644938783249089,2.0804570774166,-1.88470273480202,2.09833588750661,-3.09317085332923,-6.62435189656021,2.90911474865215,-9.02692963576557,0.21325093435995,-8.97681910606917,7.17422964182567,-2.70430215018173,"CD4+/CD45RO+_Memory"
"cell61860",6.47007469654583,-1.99299982073708,1.69658969908074,5.42984205302245,-5.52063436083919,-1.44062830050504,4.69372072740134,1.49620748505109,0.234229613060723,-0.626502603744138,2.59183326677357,-2.36239155221636,-0.715398238513943,3.15371498556501,-2.10723188026343,-5.27708371670994,2.45516876426867,3.64764669388964,"CD56+_NK"
"cell62245",3.95604764613943,-4.5259464649341,-0.676283345704896,-1.63723589674164,0.343325763095044,-0.948133310588972,-0.837388270325828,-2.22571851659343,0.966798018524506,-2.74440931658338,-1.48221375176714,-2.53186556545837,4.2346023680215,-1.39922655382175,-0.991042602907398,-3.89393132224598,-0.930225672495257,2.17082838130382,"CD4+_T_Helper2"
"cell63356",2.00875876803192,-4.50071353531962,0.738651069495543,0.0755377588716209,0.799862828774744,1.03448400201875,2.86205206443034,1.58462952849269,4.63535820472653,0.10563797281436,0.788897598094264,-2.23951291541815,2.56899194432371,-4.93020832691425,2.90915954817732,-6.11109206976048,2.25376396658603,-2.96886207000999,"CD4+_T_Helper2"
"cell63511",-31.5904350585582,-3.87477532239712,-0.700623982419269,-3.24007832877393,5.65765386074188,1.1550095729978,0.0703259329886356,-0.91714976968913,0.0994882007474077,0.925899164150132,0.405636308479499,-1.3138995608644,0.660389837995846,-0.955169023832739,-0.233520720543243,-1.53809184990715,-1.2988213950355,1.61367510585755,"Dendritic"
"cell63967",5.35449709778862,-2.70440009218026,1.79719642386255,-1.46031918013708,3.4475458957276,3.35372930089519,-3.49084702991653,2.83299881989013,2.12649332502204,6.52632195993808,1.32998340167321,5.74009790374696,-8.10615478380174,-1.08998184319944,-4.1286581896472,12.561004733798,-2.58818907219091,-7.55177191464971,"CD14+_Monocyte"
"cell64001",2.77752719922697,-8.34623835848237,-2.90875512597114,-0.910438113992426,1.42441442044569,0.537732046447894,1.90177134528001,0.737444510694146,1.32625802300256,3.10397842082397,-0.406334380843044,2.78356445900675,2.59456595365217,0.284544796102668,-1.57670990319945,2.74796254446679,-3.62258146866677,1.82899088966097,"CD56+_NK"
"cell65349",4.6586017906856,-3.77244906996273,-2.31103129134469,-0.274374507284528,-3.24783482040797,-3.75829820636095,1.48175978126799,-5.04505181964916,0.10648990126883,1.43426253146685,-0.70626178770242,0.212046782606477,1.42590498468339,-1.44063020823641,3.81129631529675,-1.66293674984899,3.62608557377068,-0.672289542129443,"CD56+_NK"
"cell68341",1.40654886950943,-7.97997824715329,1.03837379936365,-7.49317505097877,6.29465880900054,1.96802200751565,-1.89496226560807,-2.13221840338741,-0.115462161656904,1.08347538004728,0.621409992964823,-1.14935791177277,0.718384712186565,-0.894691397139807,1.41953928577092,1.35068004340139,-4.94753920363394,2.60252008308987,"CD8+_Cytotoxic_T"
